,,D3S1358,TH01,D21S11,D18S51,Penta E,D5S818,D13S317,D7S820,D16S539,CSF1PO,Penta D,AMEL,vWA,D8S1179,TPOX,FGA
BZ001,,15,9.3,32.2,14,7,9,10,8,9,10,12,X,16,11,11,22
BZ001,,16,9.3,33.2,15,20,9,13,11,12,11,13,Y,19,11,12,24
BZ002,,15,6,29,14,10,11,13,11,10,11,12,X,17,12,8,22
BZ002,,17,8,29,14,14,11,14,11,12,12,13,X,18,13,11,22
BZ004,,15,7,29,12,17,9,11,10,9,12,13,X,16,12,8,26
BZ004,,16,9,30,21,19,11,13,12,12,12,14,X,16,15,12,26
BZ005,,15,7,28,13,17,11,8,11,10,12,7,X,17,13,8,19
BZ005,,16,7,29,16,18,11,13,14,11,12,9,X,17,13,11,24
BZ006,,16,6,29,15,11,10,9,11,9,12,10,X,18,10,8,24
BZ006,,17,7,33.2,19,12,11,12,12,12,12,12,X,19,14,8,24
BZ008,,15,6,28,14,13,11,12,10,10,12,10,X,17,10,8,21
BZ008,,16,7,31.2,15,17,11,13,12,12,13,13,X,17,15,11,23
BZ011,,15,7,29,13,11,12,9,10,10,10,10,X,15,10,11,20
BZ011,,18,8,30,15,20,13,12,11,10,11,13,X,15,15,12,26
BZ013,,15,8,29,18,12,12,11,10,9,12,10,X,16,13,8,21
BZ013,,18,9,32.2,18,22,12,11,12,9,12,10,X,17,13,11,27
BZ015,,15,8,29,12,8,11,8,12,10,12,10,X,16,11,8,21
BZ015,,15,9.3,31,14,11,13,14,13,10,12,11,X,19,13,8,22
BZ016,,17,7,28,13,11,11,9,11,9,11,9,X,15,13,11,23
BZ016,,18,7,29,15,12,12,12,12,10,11,10,X,18,15,12,26
BZ017,,15,6,29,13,17,12,9,10,10,11,11,X,15,13,8,20
BZ017,,18,7,33.2,14,17,12,12,12,12,12,13,X,15,14,12,23
BZ018b,,15,7,30,14,7,7,10,11,9,11,10,X,16,13,8,24
BZ018b,,15,9.3,30,16,19,10,12,12,13,11,12,X,17,13,11,24
BZ020,,15,7,30,12,12,10,9,11,9,10,7,X,16,10,8,18
BZ020,,18,8,32.2,22,12,11,11,12,11,12,9,X,17,15,8,25
BZ021,,15,7,29,13,14,9,11,7,9,10,10,X,15,12,9,21
BZ021,,17,9.3,30,17,15,11,11,11,9,11,12,Y,19,12,11,26
BZ023,,-9,-9,-9,-9,-9,-9,-9,-9,-9,-9,-9,-9,-9,-9,-9,-9
BZ023,,-9,-9,-9,-9,-9,-9,-9,-9,-9,-9,-9,-9,-9,-9,-9,-9
BZ024,,15,9.3,27,14,13,11,9,10,12,11,10,X,16,12,8,24
BZ024,,16,9.3,32.2,16,18,12,12,10,13,12,11,Y,19,13,8,25
BZ025,,15,6,29,15,11,11,12,9,10,11,9,X,17,11,11,20
BZ025,,16,7,30,15,19,11,13,10,12,12,13,X,17,13,12,21
BZ026,,14,9.3,30,12,11,11,11,10,10,10,10,X,16,15,8,22
BZ026,,15,9.3,31,14,13,11,14,12,11,12,15,X,19,15,11,26
BZ027,,15,7,30,13,18,11,10,11,10,10,9,X,16,13,10,21
BZ027,,18,9.3,31,15,21,13,13,11,11,11,12,X,19,14,11,24
BZ028,,14,6,30,14,7,7,8,11,12,12,10,X,15,12,8,20
BZ028,,18,7,30,19,15,11,13,11,13,12,13,X,17,13,8,24
BZ030,,14,6,30,14,12,7,12,8,11,10,12,X,16,14,8,20
BZ030,,16,9.3,32.2,15,12,10,14,9,12,12,13,X,17,15,9,23
BZ032,,14,7,29,12,13,11,11,9,10,10,9,X,17,12,8,20
BZ032,,15,7,32.2,15,18,12,14,11,12,12,10,X,17,15,8,25
BZ033,,15,6,28,11,7,9,9,9,9,11,9,X,16,12,8,25
BZ033,,17,9.3,32.2,14,13,11,12,10,12,12,10,Y,19,13,11,26
BZ034,,15,7,29,15,7,12,10,9,10,10,9,X,16,13,11,21
BZ034,,16,9.3,32.2,17,12,12,14,11,13,12,11,X,17,13,11,26
BZ035,,15,6,31,18,15,9,11,11,9,12,9,X,18,13,9,21
BZ035,,16,7,31.2,18,17,11,13,12,11,12,9,X,19,13,11,27
BZ036,,16,7,29,13,7,11,12,11,12,11,13,X,17,12,8,24
BZ036,,18,9.3,32.2,17,17,11,13,12,12,11,13,X,17,14,11,24
BZ037,,15,6,30,14,11,9,9,10,10,10,9,X,15,13,8,21
BZ037,,18,9.3,30,18,16,13,11,10,11,11,10,X,18,13,11,25
BZ040,,16,6,30,14,15,11,9,8,9,10,10,X,17,12,8,24
BZ040,,16,9.3,30,20,18,12,12,10,10,11,12,X,17,14,9,25
BZ041,,15,6,28,10,11,12,11,11,9,10,12,X,16,14,8,23
BZ041,,17,9.3,30,13,16,12,13,11,9,11,13,X,16,16,12,23.2
CA002,,16,6,31.2,13,13,11,13,10,12,11,10,X,14,13,8,26
CA002,,18,9.3,31.2,17,15,12,14,11,12,12,11,Y,16,13,11,27
CA005,,15,7,30,13,12,11,10,11,12,11,10,X,17,11,8,22
CA005,,15,9,32.2,15,14,12,12,11,13,11,11,Y,19,12,8,29
CA006,,16,9,28,13,12,12,10,11,11,11,10,X,18,12,8,22
CA006,,17,9.3,34.2,17,14,13,12,12,13,11,12,X,19,15,11,24
CA007,,13,6,30,13,15,11,12,11,11,11,10,X,14,15,8,21
CA007,,15,9.3,30,18,17,12,13,11,12,12,11,X,16,15,9,24
CA009,,14,6,29,12,11,11,12,12,9,11,9,X,16,13,8,27
CA009,,15,9.3,33.2,12,15,12,13,13,12,12,12,Y,16,15,8,27
CA010,,17,6,30,12,15,9,9,10,12,10,11,X,16,10,8,20
CA010,,17,7,30,16,18,9,12,12,13,11,13,X,18,13,11,22
CA011,,17,8,28,13,10,11,10,11,13,11,12,X,19,14,11,22
CA011,,17,9,33.2,17,14,13,12,12,13,11,14,X,19,15,11,22
CA012,,15,6,28,12,12,7,12,8,9,12,11,X,15,12,8,21
CA012,,15,8,30,13,14,13,14,12,9,13,13,Y,16,13,11,24
CA013,,15,7,29,18,7,12,9,10,11,11,7,X,16,13,8,21
CA013,,15,9.3,31,21,12,12,12,11,12,11,12,Y,16,16,11,22.2
CA014,,15,6,29,15,9,12,9,8,11,10,9,X,17,11,8,20
CA014,,16,7,31.2,16,13,13,15,11,13,13,11,X,18,13,10,22
CA015,,15,7,28,15,11,11,11,10,11,10,10,X,16,12,8,24
CA015,,18,9,29,16,17,12,12,12,11,13,11,X,18,13,11,25
CA016,,15,6,30,15,12,11,12,8,12,9,10,X,17,13,8,19
CA016,,16,9.3,32.2,17,16,12,14,9,13,11,11,Y,19,14,11,24
CA017,,16,6,28,14,10,11,11,11,10,11,12,X,17,13,8,19
CA017,,18,6,30,15,16,13,14,11,11,11,12,Y,18,13,11,25
CA018,,15,6,29,12,15,10,12,8,9,11,7,X,17,15,8,25
CA018,,16,9.3,30,17,20,12,13,10,12,12,13,Y,18,16,10,26
CA019,,15,9.3,32.2,15,12,12,12,8,11,11,10,X,17,11,11,25
CA019,,16,9.3,32.2,17,13,12,12,11,12,11,10,Y,19,11,12,26
CA020,,16,9,31,14,17,11,10,11,12,11,11,X,17,11,8,22
CA020,,16,9,33.2,20,19,11,11,12,12,11,12,X,18,13,11,22
CA022,,15,6,27,12,19,11,8,11,10,11,11,X,16,11,8,20
CA022,,19,9.3,33.2,20,20,11,10,12,12,11,12,X,18,13,11,22
CA023,,15,6,30,12,12,11,10,8,12,10,7,X,18,11,8,22
CA023,,15,7,30,12,20,12,14,12,13,10,10,X,19,13,11,23
CB002,,15,6,31.2,14,7,11,11,9,11,10,13,X,16,12,11,22
CB002,,15,9.3,31.2,15,15,12,12,10,13,11,13,X,18,12,11,23
CB003,,16,7,28,13,16,7,9,10,13,9,10,X,16,13,8,22
CB003,,16,9.3,31,14,21,12,12,10,13,10,11,X,18,15,9,26
CB004,,15,6,31.2,14,8,11,11,10,12,11,12,X,16,13,8,19
CB004,,16,7,31.2,17,10,11,12,11,12,12,12,X,17,14,12,20
CB005,,15,6,30,15,12,11,8,10,10,11,9,X,16,11,9,19
CB005,,15,7,30,15,16,12,9,11,11,11,11,X,16,14,11,22
CB006,,15,6,29,14,15,11,8,10,10,11,9,X,16,13,8,19
CB006,,16,9,31.2,15,18,13,10,11,12,12,10,X,19,14,12,27
CB007,,15,8,31.2,14,7,11,8,10,12,12,9,X,16,12,8,22
CB007,,16,8,32.2,18,7,12,9,12,12,12,12,Y,16,14,8,24
CB008,,15,6,32.2,17,13,11,8,11,11,9,7,X,14,12,8,21
CB008,,18,7,33.2,19,19,12,14,12,12,10,11,Y,18,12,11,28
CB009,,14,6,29,14,10,11,11,10,9,11,11,X,17,14,9,22
CB009,,15,9.3,32.2,14,14,12,12,11,13,12,13,Y,18,15,11,25
CB010,,15,7,30,14,13,9,13,10,10,10,10,X,16,12,8,25
CB010,,15,7,30,18,24,11,13,11,12,12,11,X,17,13,11,26
CB011,,15,6,30,13,10,11,9,11,9,11,9,X,17,14,8,21
CB011,,18,6,32.2,14,12,13,13,12,13,12,12,X,17,14,9,26
CB012,,13,8,30,12,14,11,11,9,9,10,9,X,17,13,8,19
CB012,,18,9,30,13,15,11,12,11,13,12,10,Y,18,13,11,21
CB013,,15,9.3,28,12,7,11,8,10,11,11,9,X,18,12,8,26
CB013,,15,9.3,32.2,16,7,11,11,11,13,11,13,Y,18,15,11,26
CB014,,15,6,31.2,15,11,11,9,10,10,11,13,X,17,10,8,21
CB014,,16,6,32,19,17,11,13,10,12,12,14,X,18,13,9,25
CB015,,16,7,31,16,7,7,9,11,9,12,12,X,15,10,8,22.2
CB015,,18,9,33.2,20,10,11,14,12,11,12,13,X,16,12,11,25
CB017,,14,6,30,13,11,11,9,9,9,10,10,X,16,16,8,23
CB017,,15,6,32.2,14,16,11,9,13,11,11,12,Y,19,16,11,25
CB018,,15,6,30,14,15,11,8,8,12,12,10,X,17,13,8,21
CB018,,16,6,31.2,17,18,13,9,10,13,12,12,X,19,17,8,27
CB019,,14,7,28,15,12,12,12,10,10,9,11,X,16,12,8,25
CB019,,15,9,31.2,15,12,13,13,12,11,10,12,X,17,13,11,26
CB020,,14,6,28,13,7,11,11,8,12,11,9,X,16,13,8,21
CB020,,16,9.3,31.2,17,7,11,11,9,13,12,9,X,17,14,11,26
CB021,,15,6,30,14,15,11,9,11,11,13,7,X,15,15,8,19
CB021,,18,7,32.2,19,16,11,13,12,12,13,13,X,16,15,8,22
CB022,,15,6,30,14,7,13,11,10,10,11,11,X,16,12,11,22
CB022,,17,7,32.2,18,19,13,13,11,13,13,13,Y,18,15,12,24
CB023,,15,6,29,15,7,13,8,9,9,12,10,X,14,11,8,20
CB023,,15,9.3,30,18,12,13,9,11,12,12,11,Y,14,16,8,23
CB024,,15,6,31.2,15,10,11,12,9,11,10,11,X,16,12,8,20
CB024,,16,6,32.2,16,15,13,13,10,13,11,13,Y,18,14,12,28
CB025,,15,6,30,14,10,7,8,10,9,10,2.2,X,17,12,8,21
CB025,,15,9.3,30,18,12,11,9,11,12,12,10,X,17,13,8,29
CB026,,15,6,30,16,21,11,10,9,9,11,9,X,16,13,8,19
CB026,,15,7,32.2,16,21,12,15,10,10,11,13,Y,17,14,9,23
CB027,,14,6,30,13,12,10,11,10,12,12,11,X,17,14,8,21
CB027,,15,9.3,33.2,17,12,13,12,10,13,12,13,Y,18,15,9,26
CB028,,15,6,31.2,16,7,11,12,10,10,11,9,X,16,14,8,24
CB028,,17,9.3,32.2,19,19,13,13,11,11,12,12,X,18,15,8,25
CB029,,15,6,29,15,12,12,11,10,11,8,9,X,16,10,8,19
CB029,,15,7,33.2,17,23,12,11,11,12,13,10,Y,18,14,12,21
CB030,,15,8,31,12,7,10,11,7,10,10,10,X,14,13,8,24
CB030,,16,9.3,31.2,24,12,11,11,11,11,12,10,X,17,14,8,24
CB031,,16,6,27,14,7,11,11,9,11,10,13,X,16,12,8,22
CB031,,18,7,30,15,15,12,12,11,13,11,13,X,16,12,11,23
CB033,,15,6,32.2,13,7,7,12,10,9,10,9,X,16,13,8,22
CB033,,18,7,33.2,14,11,12,12,10,11,14,10,Y,18,14,10,25
CB034,,15,7,30,14,13,12,8,10,10,12,10,X,16,13,9,20
CB034,,15,8,-9,15,15,12,10,12,13,12,11,X,17,13,12,23
CB035,,15,6,30,17,12,10,11,10,11,10,8,X,16,13,8,24
CB035,,16,9,31,18,19,11,14,11,12,12,13,Y,17,14,11,26
CB036,,16,7,28,13,12,7,12,7,12,12,10,X,16,11,8,21
CB036,,16,8,31,18,15,13,14,11,12,12,12,X,18,13,11,25
CB037,,15,7,31,12,13,12,9,10,11,11,7,X,17,13,8,21
CB037,,15,7,32.2,17,16,12,12,12,12,12,11,X,19,13,11,25
CB038,,15,7,29,13,10,9,11,12,13,11,9,X,16,11,8,19
CB038,,16,8,29,18,18,11,12,12,13,12,12,X,18,13,11,26
CB039,,15,6,31.2,13,9,11,8,10,11,12,10,X,16,13,8,19
CB039,,16,7,32.2,13,23,12,9,11,12,12,13,Y,16,15,11,23
CB041,,16,6,30,14,12,12,9,9,12,11,11,X,14,14,8,23
CB041,,17,7,30,15,13,13,12,9,12,12,12,Y,18,15,8,24
CB042,,15,6,29,14,12,11,9,10,12,10,9,X,16,13,11,26
CB042,,18,8,33.2,17,15,11,9,11,14,12,11,X,17,15,12,26
CB043,,14,7,30,12,12,11,11,10,10,12,9,X,17,15,9,22
CB043,,15,9.3,30,13,12,13,13,12,12,13,10,Y,18,15,12,25
CB044,,15,6,30,13,13,11,11,10,9,11,10,X,16,12,8,22
CB044,,16,6,30,15,19,11,13,10,11,12,13,X,17,14,8,23
CB045,,16,6,29,18,12,11,12,10,9,10,9,X,15,11,8,22
CB045,,16,7,30,18,13,11,13,13,11,12,10,X,17,12,11,26
CB046,,16,7,30,18,12,11,10,12,12,11,10,X,16,9,8,21
CB046,,19,9,31.2,18,12,12,14,12,12,12,10,X,18,12,12,23
CB047,,15,7,30,13,7,7,11,10,11,10,11,X,17,14,8,21
CB047,,17,7,33.2,14,12,10,14,12,13,12,12,X,18,15,8,25
CB048,,15,6,27,17,14,11,9,10,12,11,9,X,15,13,8,19
CB048,,18,9,30,20,18,11,12,11,13,11,11,Y,17,15,8,22.2
CB049,,15,6,30,12,10,12,12,9,11,11,10,X,16,12,8,24
CB049,,15,7,30,17,15,12,13,10,12,12,13,X,17,15,11,25
CB050,,15,7,30,15,13,7,8,8,11,10,9,X,16,13,9,20
CB050,,15,7,33.2,15,14,11,10,12,13,12,10,X,17,13,11,26
CB051,,16,6,27,14,7,11,12,8,9,11,7,X,18,12,8,22
CB051,,18,7,31.2,15,15,11,13,10,13,11,11,X,19,14,11,24
CB052,,14,8,30,16,12,12,10,10,11,11,10,X,14,12,9,22
CB052,,16,9,34.2,19,15,13,14,12,13,12,14,Y,16,15,11,27
CB053,,15,6,30,14,13,11,10,8,12,11,10,X,16,14,8,22
CB053,,18,8,31.2,17,14,12,11,9,13,13,11,X,17,14,11,24
CB054,,16,7,28,14,11,12,9,10,11,12,7,X,17,10,11,22
CB054,,18,9,30,17,17,12,10,11,11,12,10,X,19,11,11,25
CB055,,15,6,29,14,12,9,10,10,9,11,13,X,16,12,8,26
CB055,,16,6,30,17,12,11,11,11,11,11,13,X,18,13,11,26
CB057,,15,7,30,14,14,11,8,10,9,11,11,X,16,10,8,20
CB057,,16,9,31.2,18,15,12,12,11,12,11,12,Y,17,14,8,22
CB059,,15,9,30,15,12,11,8,10,11,11,10,X,16,13,8,19
CB059,,15,9.3,31.2,17,14,11,11,10,12,12,10,Y,16,13,11,24
CB061,,15,7,29,12,14,7,10,9,11,11,7,X,15,13,8,22
CB061,,15,9.3,31.2,17,16,12,12,11,12,11,9,Y,17,14,8,27
CB063,,15,7,31.2,15,12,11,9,10,12,10,9,X,15,10,8,19
CB063,,18,9,32.2,17,12,11,10,11,12,11,14,X,17,13,8,22
CB064,,15,6,29,14,16,11,11,8,11,10,11,X,16,11,9,19
CB064,,16,9,30,15,19,11,12,12,13,12,12,X,16,13,11,21
CB065,,15,6,31,14,5,11,10,12,9,10,9,X,16,10,8,23
CB065,,17,9,34.2,15,16,12,12,12,11,12,13,Y,19,15,8,26
CB066,,16,6,27,12,11,11,8,9,10,11,9,X,16,13,8,20
CB066,,16,9.3,31,15,16,12,14,10,10,12,13,X,16,14,9,21
CB070,,14,6,29,15,10,11,12,10,9,11,10,X,16,13,8,19
CB070,,15,7,30.2,16,15,12,13,12,12,12,10,X,20,13,9,22
CB071,,15,6,31,17,11,11,11,9,9,10,10,X,14,13,8,21
CB071,,15,7,32,17,17,11,13,11,11,10,13,X,16,15,11,27
CB072,,15,7,30.2,17,12,7,9,10,9,11,11,X,14,12,11,19
CB072,,15,9.3,31,21,15,12,10,11,10,12,12,X,16,12,12,26
CB073,,-9,-9,-9,17,-9,-9,-9,-9,-9,-9,-9,-9,-9,-9,-9,-9
CB073,,-9,-9,-9,21,-9,-9,-9,-9,-9,-9,-9,-9,-9,-9,-9,-9
CB074,,15,7,28,14,7,11,12,8,11,11,9,X,17,11,8,20
CB074,,16,8,30,15,7,11,14,12,12,12,9,X,17,12,11,24
CB075,,15,7,29,13,11,11,12,11,9,10,10,X,14,12,8,21
CB075,,16,7,31,17,15,12,13,11,11,12,13,Y,16,13,8,24
CB076,,15,6,29,17,12,7,9,11,12,10,14,X,16,13,11,22
CB076,,17,7,29,17,14,12,9,11,12,11,14,X,16,13,12,26
CB077,,15,7,31.2,9,7,11,12,10,9,10,9,X,18,11,8,21
CB077,,15,9.3,33.2,13,7,12,14,12,11,12,10,Y,18,15,12,21
CB078,,16,7,30,16,10,11,9,10,9,12,9,X,17,13,8,23
CB078,,17,9,32.2,18,17,14,13,12,11,12,10,Y,17,15,8,26
CB079,,15,6,29,14,12,11,9,11,11,10,9,X,14,10,8,18
CB079,,16,9.3,30,18,13,13,12,11,11,12,10,X,14,15,9,23
CB080,,15,7,30,13,14,11,12,10,12,10,8,X,17,12,8,22
CB080,,15,9,30,16,14,12,13,11,12,11,9,X,17,13,8,24
CB081,,15,6,31.2,12,10,7,9,11,11,12,10,X,16,10,8,25
CB081,,18,6,32.2,14,14,13,14,12,12,12,14,X,16,12,9,25
CB082,,14,9.3,29,11,12,7,9,8,9,10,9,X,18,12,8,21
CB082,,18,9.3,32.2,20,19,12,13,8,11,13,10,X,19,13,8,27
CB083,,15,9.3,29,14,10,9,9,10,11,10,10,X,14,10,8,26
CB083,,18,9.3,31.2,14,10,9,14,13,12,10,11,X,14,15,11,26
CB084,,16,7,29,13,12,12,8,11,9,10,10,X,16,11,8,25
CB084,,16,9,31,14,15,13,9,12,12,11,12,X,16,14,8,26
CB085,,15,9.3,29,14,7,11,9,11,12,12,11,X,17,11,11,20
CB085,,16,9.3,30,19,8,12,12,12,13,13,15,X,18,15,12,22
CB086,,15,6,31.2,12,13,11,9,10,11,10,10,X,18,13,8,24
CB086,,16,7,32.2,13,17,12,14,12,11,10,10,X,18,14,11,25
CB087,,16,7,30,18,10,11,9,10,9,12,9,X,17,13,8,23
CB087,,17,9,32.2,18,17,14,13,12,9,12,10,Y,17,15,8,26
CB088,,14,7,30,15,12,11,11,11,12,11,13,X,13,13,8,21
CB088,,15,7,33,17,15,11,11,12,13,12,14,Y,17,16,11,27
CB089,,15,7,31.2,12,10,11,9,8,9,11,9,X,17,10,9,21
CB089,,16,7,32.2,15,18,11,10,10,13,13,10,Y,18,15,11,25
CB090,,15,8,30,15,12,11,11,10,11,12,10,X,16,12,8,19
CB090,,16,8,32.2,16,14,12,14,12,12,12,11,Y,17,13,12,24
CB091,,17,6,29,12,10,12,9,9,9,9,9,X,17,14,8,23
CB091,,17,9.3,29,15,23,12,12,11,11,11,12,Y,19,14,8,25
CB092,,15,9,33,14,15,11,9,12,10,12,12,X,16,13,8,22
CB092,,16,9.3,33.2,16,18,11,12,12,12,12,13,X,18,15,11,25
CB093,,14,7,30,13,12,12,10,10,11,10,13,X,16,14,11,22
CB093,,15,9.3,30,13,12,12,11,12,12,10,13,Y,16,14,12,22
CB094,,14,7,31,10,7,11,12,8,11,11,10,X,16,14,8,20
CB094,,15,7,32.2,14,14,12,14,11,11,12,13,X,17,15,11,25
CB095,,15,6,28,14,7,7,9,9,11,12,10,X,16,12,11,21
CB095,,18,7,29,18,10,9,10,11,11,12,13,X,17,15,11,22.2
CB096,,15,6,30,17,15,11,10,11,12,7,10,X,16,10,11,22
CB096,,15,7,30.2,21,15,12,11,12,14,12,10,Y,18,14,11,22
CB097,,14,6,28,15,11,7,9,11,12,11,9,X,14,13,8,26
CB097,,15,9,30,18,15,11,12,11,12,12,10,X,17,13,8,27
CB098,,15,6,30,13,15,12,10,8,11,11,10,X,15,12,9,22
CB098,,17,6,32.2,14,17,12,12,9,12,13,13,X,18,13,11,23
CB100,,17,7,32,13,17,11,9,10,9,11,9,X,14,13,8,24
CB100,,17,9.3,32.2,18,19,11,11,11,10,11,11,X,16,15,11,25
CB101,,15,7,30,11,5,10,10,10,11,10,10,X,17,13,8,19
CB101,,18,9.3,31.2,15,21,11,12,11,11,12,12,Y,17,14,12,22
CB104,,15,9,30,17,10,9,11,12,10,10,9,X,18,10,8,20
CB104,,16,9.3,32.2,18,17,14,13,12,10,12,10,Y,19,13,11,25
CB105,,15,8,30,12,15,9,9,10,9,10,12,X,14,14,7,22
CB105,,16,9,31.2,14,21,12,13,11,11,10,14,X,14,14,8,27
CB106,,16,6,30,13,11,11,8,8,12,9,9,X,16,12,8,25
CB106,,17,9,32.2,15,13,13,10,12,13,10,12,Y,18,15,11,26
CB107,,15,9,30,15,12,11,9,10,12,9,9,X,16,12,8,25
CB107,,16,9.3,32.2,16,13,13,12,10,13,12,12,X,16,13,9,25
CB108,,15,6,30,12,7,11,8,10,11,11,10,X,16,12,9,19
CB108,,16,7,30,17,14,12,9,11,11,12,14,X,17,15,11,24
CB109,,14,6,28,13,12,11,9,11,10,12,10,X,15,13,8,23
CB109,,18,7,33.2,16,14,11,13,12,11,12,12,X,19,15,10,25
CB110,,15,6,28,13,7,11,10,8,12,9,9,X,16,11,8,23
CB110,,16,9,31.2,15,12,11,11,11,13,11,11,Y,19,16,8,26
CB111,,15,6,30,14,7,11,12,11,10,11,10,X,16,14,9,23
CB111,,16,9,30,16,16,11,12,11,11,11,10,X,17,14,11,25
CB112,,15,6,27,12,15,9,8,8,9,10,9,X,17,14,8,21
CB112,,18,7,30,17,19,11,10,11,11,11,10,Y,17,15,11,25
CB115,,14,6,31,17,7,11,11,12,10,10,10,X,16,13,8,19
CB115,,15,6,34.2,19,8,13,11,12,14,13,10,X,16,15,12,25
CB116,,15,9.3,29,14,13,10,9,12,10,11,9,X,14,12,8,23
CB116,,15,9.3,33.2,16,14,12,13,13,11,12,10,X,16,13,8,25
CB118,,15,7,29,13,5,11,11,10,11,11,12,X,18,12,8,19
CB118,,16,9,31,16,15,12,11,10,12,12,13,Y,18,13,12,20
CB119,,14,6,31,17,8,11,11,12,10,12,10,X,16,13,12,25
CB119,,15,7,31.2,19,11,13,11,12,12,13,10,X,16,15,12,25
CB123,,14,7,30,15,15,9,9,11,9,11,12,X,16,13,8,23
CB123,,14,9.3,32.2,15,15,9,9,11,9,11,14,X,17,15,8,24
CB124,,15,7,29,12,12,7,8,11,12,10,12,X,17,13,11,19
CB124,,16,9.3,31.2,17,16,11,12,11,13,11,14,X,18,14,11,20
CB126,,15,7,27,15,15,11,9,11,12,12,9,X,14,13,11,24
CB126,,16,9.3,30,18,18,12,11,12,14,13,11,Y,16,13,11,25
CB130,,15,6,27,20,13,12,9,10,11,11,9,X,18,12,11,19
CB130,,15,7,31.2,20,17,12,15,11,12,11,11,X,19,12,11,25
CB133,,15,8,28,14,6,11,13,11,10,10,13,X,16,10,8,18
CB133,,16,9.3,30,14,12,13,14,11,11,10,13,Y,17,14,11,22
CB134,,15,6,30,12,7,11,8,7,10,12,10,X,15,14,8,24
CB134,,15,9.3,30,14,13,11,11,10,11,12,10,X,16,15,11,24
CB135,,18,6,29,13,7,11,10,10,11,11,10,X,16,11,8,21
CB135,,18,7,31.2,14,7,11,14,12,13,12,13,X,17,15,8,21
CB136,,15,7,27,12,12,12,9,10,9,10,11,X,17,13,8,18.2
CB136,,18,9.3,30,17,14,12,10,12,12,13,12,Y,17,13,8,22
CB137,,14,6,27,16,7,8,8,10,12,10,12,X,16,12,8,23
CB137,,17,9.3,31.2,18,12,12,12,11,12,11,14,Y,17,12,12,23.2
CB138,,15,7,27,12,12,12,9,10,9,10,11,X,17,13,8,18.2
CB138,,18,9.3,30,17,14,13,10,12,12,13,12,Y,17,13,8,22
CB139,,15,6,27,13,7,11,11,10,11,11,11,X,16,12,8,21
CB139,,15,9,31.2,16,15,12,14,11,11,13,11,Y,18,15,8,24
CB141,,15,9.3,29,12,7,11,9,8,11,10,10,X,17,13,8,20
CB141,,16,9.3,30,15,12,13,11,11,12,11,12,X,18,13,8,23
CB143,,15,6,30,12,12,11,9,11,11,13,9,X,15,14,11,23.2
CB143,,16,7,31,14,15,12,14,12,12,13,12,X,17,15,12,25
CB144,,16,7,30,12,14,7,9,10,12,10,12,X,16,13,9,22
CB144,,17,9.3,32.2,15,19,11,11,10,13,11,13,X,17,14,11,23
CB145,,16,6,29,17,7,7,10,11,9,10,9,X,16,15,8,21
CB145,,16,6,30,17,12,11,11,13,12,10,12,X,18,16,10,25
CB146,,15,7,28,13,12,11,12,11,9,12,12,X,18,13,8,19
CB146,,16,9.3,30,22,20,12,13,12,11,12,13,Y,19,16,11,25
CB147,,14,6,30,14,12,7,12,8,11,10,12,X,16,14,8,20
CB147,,16,9.3,32.2,15,12,10,14,9,12,12,13,X,17,15,9,23
CB148,,14,6,29,13,12,9,12,9,11,10,9,X,16,11,8,25
CB148,,15,8,29,14,18,11,15,12,13,11,9,Y,18,14,11,26
CB149,,14,7,28,14,5,7,9,10,11,11,10,X,16,13,8,25
CB149,,17,9.3,28,15,19,10,12,11,12,11,12,X,18,15,11,25
CB153,,15,7,30,17,7,11,13,10,9,9,9,X,16,11,8,22
CB153,,16,9,31.2,18,7,11,13,12,11,11,10,X,17,11,8,22.2
CB155,,15,7,27,13,7,12,8,10,11,11,11,X,16,12,8,21
CB155,,15,9,33.2,17,15,12,11,11,11,11,13,Y,19,15,11,21
CB158,,14,6,28,15,15,11,11,11,10,11,9,X,15,9,9,24
CB158,,17,7,30,16,15,11,14,11,11,13,10,Y,15,11,11,24
CB163,,15,6,29,17,11,11,8,10,9,11,10,X,16,13,9,24
CB163,,16,9,31,17,14,12,11,11,12,12,11,X,16,14,11,24
CB165,,15,6,30,13,14,11,12,10,12,12,9,X,16,13,8,22
CB165,,16,7,32.2,14,17,12,13,12,13,12,12,Y,17,13,12,23
CB167,,15,9.3,29,12,7,11,12,10,12,11,11,X,16,12,8,21
CB167,,17,9.3,32.2,16,23,11,12,11,13,12,11,X,18,13,8,22
CB168,,15,7,30,13,12,11,12,11,9,12,9,X,14,13,8,19
CB168,,16,9.3,30,22,12,13,13,12,11,12,13,Y,16,16,11,25
CB169,,14,6,29,11,11,12,12,11,11,10,12,X,17,13,8,21
CB169,,17,8,30.2,16,16,13,14,13,11,11,14,X,17,14,11,25
CB171,,15,6,31.2,13,9,7,11,7,12,10,12,X,16,8,8,24
CB171,,16,9,33.2,17,18,11,14,8,12,15,12,X,16,13,8,25
CB173,,15,7,29,12,14,11,10,11,11,10,11,X,16,13,8,22
CB173,,16,8,30,14,15,11,12,12,12,13,13,X,18,14,9,26
CB175,,14,6,30,14,14,11,11,8,12,10,12,X,18,13,11,22
CB175,,15,7,32.2,18,16,11,11,11,12,10,12,X,18,14,12,24
CB177,,15,6,29,15,10,11,12,11,11,12,9,X,18,13,8,19
CB177,,18,9.3,31.2,19,14,11,14,13,11,12,15,X,18,15,10,19
CB179,,16,9,29,14,14,7,11,10,11,10,10,X,18,11,8,19
CB179,,18,9.3,30,15,14,11,14,11,12,12,15,X,18,13,8,19
CB181,,15,7,29,12,7,7,11,11,9,11,12,X,16,13,8,23
CB181,,16,9,33.2,14,18,12,11,12,12,12,12,X,17,14,8,27
CB185,,15,7,30,13,11,11,12,10,9,11,10,X,14,13,8,21
CB185,,16,9,32.2,14,12,12,14,12,13,12,10,Y,17,13,8,26
CL003,,15,7,32.2,13,11,11,11,9,-9,12,12,X,16,13,11,21
CL003,,17,7,32.2,14,18,13,12,11,-9,12,13,X,17,13,11,25
CL004,,15,7,30,15,11,11,12,10,9,9,9,X,16,12,8,23
CL004,,16,7,30,17,12,11,13,11,9,12,9,X,17,15,8,25
CL005,,15,6,28,16,12,7,11,10,9,10,10,X,15,13,8,23
CL005,,16,9.3,33.2,17,13,12,13,11,12,10,11,X,17,13,8,23
CL006,,15,7,28,14,12,11,9,8,9,12,10,X,17,11,8,21
CL006,,16,9,30,14,13,11,10,9,10,12,13,X,17,11,12,24
CL007,,14,8,29,14,15,11,9,12,9,11,9,X,14,13,8,22.2
CL007,,17,9.3,33.2,16,18,12,12,12,12,11,10,Y,17,15,11,24
CL008,,16,6,29,12,15,10,12,11,10,10,10,X,15,13,8,19
CL008,,17,7,32.2,14,18,11,13,13,11,12,13,X,17,14,11,22
CL009,,15,6,29,11,14,11,11,8,9,11,10,X,16,12,8,22
CL009,,16,6,32.2,14,16,11,13,11,11,11,12,X,17,15,8,25
CL010,,15,6,29,12,13,11,12,11,11,10,10,X,17,15,8,22
CL010,,15,9,32.2,14,16,11,13,11,11,11,12,X,19,15,11,25
CL011,,14,8,29,14,12,11,11,10,11,11,10,X,17,10,11,19
CL011,,15,9,30,15,15,12,11,11,14,12,11,X,17,14,11,20
CL012,,14,9,30,12,13,11,12,11,11,10,9,X,16,14,8,23
CL012,,15,9.3,32.2,18,16,12,13,11,12,11,10,X,17,15,8,25
CL013,,14,7,29,14,12,11,10,9,9,11,10,X,17,11,8,21
CL013,,16,9,30,14,16,11,11,12,10,11,12,X,19,14,12,21
CL014,,15,7,31,14,12,10,12,9,9,9,10,X,15,13,8,20
CL014,,16,9.3,31,15,13,11,12,11,11,11,14,Y,16,13,8,21
CL017,,15,7,30,12,13,10,12,8,12,11,12,X,16,14,8,22
CL017,,16,9.3,31,13,15,11,14,12,12,12,12,X,18,14,8,23
CL018,,16,7,28,12,11,10,10,9,10,12,9,X,16,13,8,24
CL018,,18,7,28,20,15,12,12,12,12,13,9,Y,19,15,8,26
CL019,,15,9.3,30,13,11,10,12,12,12,11,10,X,15,14,8,19
CL019,,16,9.3,32.2,14,13,11,13,13,12,12,12,Y,17,14,11,22
CL020,,15,6,29,14,15,11,9,11,10,10,11,X,17,14,8,22
CL020,,15,7,33.2,14,16,12,12,12,11,11,12,X,19,15,11,25
CL021,,16,7,31,12,12,7,9,10,9,11,11,X,17,13,8,21
CL021,,16,9,31.2,15,22,13,12,10,12,11,12,X,17,15,8,23
CL022,,15,7,28,17,12,11,10,9,9,11,9,X,16,11,9,22
CL022,,16,7,30,21,14,12,12,10,11,12,10,X,18,15,11,24
CL023,,16,9,30,12,5,7,12,8,9,10,10,X,17,13,8,21
CL023,,16,9.3,31,14,22,11,12,10,9,11,12,X,17,15,8,25
CL024,,16,7,31,12,12,11,12,8,9,10,10,X,17,13,8,23
CL024,,16,9,31.2,14,22,12,12,11,12,11,10,X,17,15,8,25
CL025,,15,7,30,17,13,11,13,8,9,12,9,X,16,12,10,19
CL025,,15,8,30,18,15,11,13,10,9,13,14,X,17,14,12,21
CL027,,15,7,30,12,12,10,9,10,10,14,10,X,14,12,8,22
CL027,,16,9,30,17,17,10,13,12,13,14,14,Y,17,13,11,26
CL028,,15,8,27,13,11,11,9,12,11,11,12,X,17,11,8,24
CL028,,16,9,33.2,14,17,12,12,13,13,12,13,X,18,15,10,25
CL029,,14,9,31.2,14,14,12,8,11,11,11,9,X,17,13,8,25
CL029,,18,9.3,31.2,20,18,13,12,11,13,12,12,X,17,14,11,26
CL030,,15,6,28,16,12,9,11,10,12,11,11,X,16,10,8,20
CL030,,17,6,33.2,16,17,13,13,12,12,11,14,Y,17,12,11,22
CL032,,14,6,32.2,13,7,11,12,11,11,10,12,X,17,15,8,25
CL032,,15,9,32.2,14,13,12,13,11,11,11,13,X,17,15,11,27
CL033,,15,7,29,18,7,12,9,10,11,11,7,X,16,13,8,21
CL033,,16,9.3,31,21,12,12,12,11,12,11,12,Y,16,16,11,22.2
CLS40,,17,9.3,29,15,11,11,12,7,11,10,9,X,14,10,8,21
CLS40,,18,9.3,31,16,18,11,12,11,12,10,10,Y,17,13,9,25
CR001,,15,6,29,14,7,7,10,9,9,10,10,X,17,14,8,21
CR001,,16,7,30,16,17,11,12,12,12,12,11,X,19,16,12,22
CR004,,15,6,28,14,11,11,10,8,10,12,9,X,14,12,9,19
CR004,,15,7,31.2,17,17,11,12,11,13,13,13,Y,15,13,11,19
CR005,,15,6,32.2,13,10,8,11,11,9,11,10,X,14,13,8,22
CR005,,15,6,33.2,14,15,12,12,12,10,13,11,Y,15,13,8,22.2
CR006,,14,6,30.2,14,12,11,12,11,11,9,9,X,17,13,8,19
CR006,,17,8,31,15,19,11,12,12,13,11,11,X,18,14,11,23
CR007,,14,6,30,15,11,12,8,11,11,11,9,X,14,14,8,23
CR007,,17,9.3,33.2,15,16,12,10,12,12,11,11,X,17,15,11,26
CR008,,14,6,29,12,15,12,11,8,12,10,10,X,17,13,11,22
CR008,,18,6,31.2,15,17,12,13,11,12,10,13,X,18,14,11,25
CR009,,14,9.3,30,15,12,10,9,10,11,10,10,X,16,14,8,22
CR009,,15,9.3,31.2,16,15,12,9,12,12,10,12,Y,17,15,11,26
CR010,,15,6,28,15,11,11,10,10,10,9,10,X,16,10,8,19
CR010,,18,7,29,16,18,12,11,10,12,13,13,Y,18,11,11,25
CR011,,15,6,31,12,16,11,10,10,11,11,10,X,17,10,8,21
CR011,,16,9,31.2,20,18,12,12,11,11,12,12,Y,18,13,9,25
CR012,,15,9,31,16,14,7,10,11,10,11,10,X,15,13,9,25
CR012,,15,9.3,31.2,20,18,12,12,11,11,12,14,X,17,15,11,25
CR013,,15,9,30.2,14,10,7,12,11,11,10,9,X,17,13,8,19
CR013,,18,9,33.2,17,10,11,12,12,12,10,12,X,17,14,12,23
CR014,,15,6,28,12,15,11,12,10,12,10,10,X,16,10,8,21
CR014,,16,6,29,21,20,13,14,11,13,10,12,X,17,11,8,24
CR015,,15,9.3,29,14,11,9,12,10,9,11,11,X,16,13,10,25
CR015,,15,9.3,30.2,14,20,10,12,12,13,12,12,X,17,14,11,25
DS,,14,9,27,14,14,11,8,10,9,11,11,X,16,10,8,21
DS,,15,9.3,31,17,14,12,12,10,10,11,13,X,17,13,8,23
ES001,,15,7,28,15,11,11,11,10,11,10,10,X,16,12,8,24
ES001,,18,9,29,16,17,12,12,12,11,13,11,X,18,13,11,25
ES002,,15,6,29,12,15,10,12,8,9,11,7,X,17,15,8,25
ES002,,16,9.3,30,17,20,12,13,10,12,12,13,Y,18,16,10,26
ES003,,14,7,30,12,7,11,8,11,9,11,12,X,17,12,8,19
ES003,,15,7,31.2,14,12,11,9,12,12,12,12,X,17,13,9,21
ES004,,15,7,28,12,12,11,8,10,10,10,10,X,14,12,8,25
ES004,,15,9.3,30,16,19,11,10,11,10,12,12,Y,16,14,8,27
ES005,,15,7,28,16,5,11,9,10,9,11,10,X,17,11,8,23
ES005,,17,9,30,20,14,12,12,12,13,12,13,X,18,14,10,24
ES006,,15,9,32.2,16,13,11,10,10,12,10,10,X,16,13,8,25
ES006,,15,9.3,33.2,16,19,11,12,12,12,12,12,X,16,14,12,26
ES007,,14,7,28,12,14,7,10,10,9,12,13,X,16,11,8,21
ES007,,15,9,30.2,21,15,11,12,11,11,12,15,X,18,14,9,22
ES008,,17,6,28,14,5,11,8,11,9,10,10,X,17,13,11,23
ES008,,18,7,28,16,11,12,13,11,12,10,10,X,18,13,11,24
ES009,,15,7,28,14,7,7,9,8,9,11,9,X,16,13,8,24
ES009,,17,8,29,17,10,11,11,11,12,12,12,X,16,16,8,25
ES010,,16,7,31,17,8,11,9,10,11,11,9,X,14,13,8,23
ES010,,17,7,32.2,18,14,12,13,12,12,13,9,X,17,15,11,24
ES011,,15,9,30,13,12,11,8,8,9,10,10,X,17,11,8,21
ES011,,15,9.3,32.2,17,17,12,11,11,9,12,13,X,17,12,8,22
ES012,,15,7,29,10,13,11,10,11,9,11,9,X,16,13,8,21
ES012,,16,7,31,14,17,11,13,12,10,12,13,X,16,15,8,21
ES013,,14,6,32.2,14,5,12,11,10,8,10,10,X,16,12,8,23
ES013,,16,8,32.2,18,14,12,14,12,11,11,13,Y,18,15,8,26
ES014,,15,7,29,12,10,9,13,10,11,10,9,X,15,13,8,24
ES014,,18,7,29,13,12,11,13,11,13,10,13,Y,17,15,11,26
ES015,,16,7,29,16,16,11,9,11,11,10,9,X,16,12,9,19
ES015,,16,9.3,29,17,18,11,9,11,13,12,11,Y,17,13,12,23
GG001,,14,7,28,14,10,11,9,11,11,11,12,X,16,12,8,20
GG001,,16,9.3,29,14,12,11,11,11,12,13,13,X,17,16,8,25
GG003,,15,6,27,14,11,12,12,11,11,10,8,X,17,13,11,24
GG003,,15,7,31,15,14,13,12,11,13,10,12,X,18,14,11,26
GG004,,14,6,31,14,12,12,11,8,9,12,12,X,16,10,11,22.2
GG004,,15,6,31,17,15,12,11,10,11,12,13,X,16,13,12,22.2
GG005,,15,7,28,14,10,11,9,10,11,11,12,X,16,10,8,25
GG005,,16,9.3,29,14,14,11,11,10,13,12,12,X,17,15,9,26
GG007,,16,-9,28,12,12,11,10,11,9,11,9,X,16,12,8,20
GG007,,16,-9,29,18,19,12,11,12,12,12,13,Y,17,16,11,25
HT001,,15,7,30,18,7,7,9,10,9,10,8,X,16,12,8,22
HT001,,17,9.3,30,20,13,13,9,10,13,12,9,X,17,14,11,22
HT003,,15,6,29,15,13,12,9,8,10,11,9,X,17,13,11,19
HT003,,17,7,32.2,21,18,12,11,10,11,12,12,Y,17,14,12,21
HT004,,15,6,29,15,13,13,8,11,9,12,10,X,16,13,9,20
HT004,,16,9.3,30,16,13,13,11,11,12,12,10,X,16,15,12,22
HT006,,16,7,31,15,7,12,12,8,12,12,7,X,17,12,8,21
HT006,,16,7,33.2,16,7,12,13,11,13,12,12,Y,17,12,8,25
HT007,,15,6,30,17,11,11,9,11,9,12,10,X,14,13,9,22
HT007,,17,7,30,18,19,12,12,13,10,12,11,Y,16,15,10,25
HT008,,15,6,29,12,15,11,8,10,9,10,12,X,16,12,8,21
HT008,,16,7,32,17,17,13,9,12,10,12,14,X,19,13,8,24
HT011,,15,6,30,13,14,12,9,8,9,11,9,X,16,13,8,22
HT011,,15,9,32,13,15,12,12,11,11,12,11,X,17,15,12,26
HT013,,14,9,30,20,15,11,-9,11,10,9,9,X,16,13,8,24
HT013,,15,10,30,20,18,11,-9,11,13,9,13,Y,17,14,11,24
HT015,,15,7,32.2,12,15,11,12,10,10,11,12,X,16,13,8,23
HT015,,18,7,33.2,16,15,12,14,10,12,12,13,X,18,15,8,25
HT016,,15,7,30,13,12,11,9,10,9,12,10,X,16,13,8,21
HT016,,16,9.3,30,17,13,13,12,12,13,12,11,X,17,15,9,24
HT017,,15,6,30,14,7,11,12,11,10,10,11,X,15,12,9,19
HT017,,15,7,32.2,17,12,12,12,12,12,12,11,X,19,15,11,29
HT020,,15,9.3,30,14,10,7,9,11,9,10,12,X,16,12,8,22
HT020,,16,9.3,31.2,20,15,13,12,12,11,11,13,X,18,15,9,24
HT026,,18,9,32.2,13,7,11,9,10,9,11,12,X,14,10,9,21
HT026,,18,9.3,33.2,18,10,12,11,10,11,11,12,X,17,12,11,21
HT029,,16,8,29,14,10,12,11,12,12,11,10,X,17,12,8,22.2
HT029,,18,9.3,30,17,12,13,13,12,13,11,10,Y,17,13,12,22.2
HT030,,17,7,30,14,15,10,10,9,11,10,10,X,16,13,8,22
HT030,,18,7,30.2,17,15,12,12,12,12,11,11,X,19,13,11,24
HT034,,15,6,29,12,12,11,9,10,9,9,9,X,17,14,8,25
HT034,,16,8,30,15,13,13,12,11,11,10,10,X,19,14,11,26
HT035,,16,6,30,13,10,9,9,10,8,10,10,X,16,12,8,20
HT035,,17,6,30,15,13,11,11,11,13,11,10,X,19,15,8,22
HT036,,15,7,30,17,10,11,11,8,11,11,10,X,16,11,8,20
HT036,,15,9.3,31,18,11,11,12,12,12,11,12,X,16,14,9,25
HT037,,16,6,28,12,12,11,11,8,11,10,12,X,16,14,8,23
HT037,,17,8,30,16,12,12,12,11,14,12,12,X,17,14,8,26
HT038,,15,6,29,12,10,11,9,10,9,10,12,X,14,13,8,20
HT038,,17,8,30,16,18,13,13,11,9,12,12,X,18,13,11,24
HT039,,16,7,30,13,7,11,9,11,10,10,10,X,16,11,8,19.2
HT039,,17,7,33.2,16,18,12,12,11,12,12,10,X,17,13,8,27
HT040,,16,6,32,15,11,11,12,10,12,10,10,X,16,13,8,19
HT040,,16,7,33.2,15,12,12,14,12,12,12,11,X,16,13,8,26
HT042,,16,6,29,17,11,9,9,9,9,10,11,X,17,11,8,25
HT042,,18,7,32.2,18,12,11,14,12,11,10,12,X,18,13,11,25
LG001,,15,7,28,13,12,11,9,12,9,10,10,X,16,12,8,21
LG001,,15,9.3,32.2,17,14,12,11,12,10,10,13,X,16,14,12,27
LG002,,15,7,28,12,12,11,8,10,10,10,10,X,14,12,8,25
LG002,,15,9.3,30,16,19,11,10,11,10,12,12,Y,16,14,8,27
LG003,,15,9,30,13,10,10,9,10,11,9,11,X,16,12,8,22
LG003,,16,9.3,30,15,16,11,11,11,11,10,13,X,16,14,8,24
LG004,,15,7,28,14,7,7,9,8,9,11,9,X,16,13,8,24
LG004,,17,8,29,17,10,11,11,11,12,12,12,X,16,16,8,25
LG006,,16,6,30,14,12,11,11,10,11,10,9,X,16,13,8,24
LG006,,18,9.3,30,19,17,12,12,12,12,12,13,X,17,14,11,27
LG007,,16,7,31,17,8,11,9,10,11,11,9,X,14,13,8,23
LG007,,17,7,32.2,18,14,12,13,12,12,13,9,X,17,15,11,24
LG008,,16,6,31.2,13,13,11,13,10,12,11,10,X,14,13,8,26
LG008,,18,9.3,31.2,17,15,12,14,11,12,12,11,Y,16,13,11,27
LG009,,15,9,30,13,12,11,9,11,9,10,11,X,15,12,8,21
LG009,,18,9,31.2,15,21,11,11,11,11,12,13,Y,16,15,12,27
LG010,,15,7,31,14,13,9,9,8,9,12,10,X,16,13,11,25
LG010,,18,9.3,31.2,15,20,11,14,12,12,13,11,Y,16,16,11,27
LG011,,15,6,29,12,5,11,8,10,10,11,9,X,15,13,8,22
LG011,,18,9.3,29,14,12,12,11,11,13,12,10,X,17,16,8,27
LG013,,15,7,30,13,12,11,10,11,12,11,10,X,17,11,8,22
LG013,,15,9,32.2,15,14,12,12,12,13,11,11,Y,19,12,8,29
LG015,,15,6,28,13,15,13,11,11,11,10,10,X,16,12,8,23
LG015,,15,7,30,13,15,13,12,12,12,10,12,X,17,13,9,28
LG017,,16,7,32,14,12,11,10,9,9,10,9,X,17,14,11,24
LG017,,16,7,32.2,15,21,12,10,10,11,12,13,X,18,14,12,27
LG018,,15,6,30,13,12,11,9,11,12,12,10,X,15,14,9,19
LG018,,15,6,30,14,19,11,11,11,12,12,10,X,18,14,9,19
LG019,,16,7,27,12,16,11,9,12,12,-9,10,X,16,12,11,25
LG019,,17,7,31,17,19,11,9,13,13,-9,12,Y,19,15,12,28
LG020,,17,7,31,12,12,11,9,11,12,10,10,X,16,12,8,19
LG020,,18,9.3,32.2,14,19,11,9,13,13,12,12,Y,16,14,11,22
LG021,,14,9.3,28,17,7,7,12,10,9,11,11,X,16,11,8,21
LG021,,16,9.3,32.2,18,18,12,12,11,13,12,12,Y,16,13,11,25
LG022,,14,9.3,28,12,14,11,12,10,10,9,9,X,16,14,8,25
LG022,,17,9.3,30,17,17,12,13,13,11,12,12,X,16,15,8,25
LG023,,15,6,28,12,11,11,9,12,11,10,11,X,16,14,11,25
LG023,,16,7,31.2,13,12,13,13,12,12,13,11,X,17,15,12,26
LG024,,15,6,30,12,5,11,9,10,9,11,7,X,15,13,8,24
LG024,,15,10,32.2,15,12,12,9,11,10,12,14,X,17,15,11,25
LG025,,15,6,29,9,5,10,9,8,9,11,9,X,16,12,10,24
LG025,,15,6,31,15,21,13,12,8,12,12,11,Y,17,13,11,25
LG026,,16,7,30,13,10,9,10,9,11,11,9,X,17,13,8,22
LG026,,17,9,30,14,17,12,13,12,13,12,11,X,17,14,9,24
LG028,,14,7,28,13,11,12,13,7,11,12,12,X,16,12,8,21
LG028,,16,9.3,30,14,17,12,14,12,12,13,13,X,17,13,12,24
LG029,,14,9,23.2,12,12,12,11,9,12,10,10,X,16,13,8,20
LG029,,15,9.3,34.2,15,12,13,13,10,13,10,10,X,17,14,8,24
LG031,,12,6,32.2,16,13,12,11,10,11,11,9,X,16,12,9,19
LG031,,16,7,33.2,17,15,12,13,13,13,12,12,Y,18,14,11,22
LG032,,14,7,29,12,11,11,9,11,9,11,9,X,14,13,8,19
LG032,,15,8,31.2,19,12,11,14,12,12,12,11,X,18,15,11,24
LG033,,15,6,29,12,12,11,11,11,8,12,10,X,16,14,8,24
LG033,,15,9.3,30,14,14,12,12,11,13,13,11,X,18,14,8,27
LG034,,14,6,28,18,16,11,10,9,9,11,10,X,14,10,10,19
LG034,,15,8,32.2,21,17,11,12,11,13,12,11,X,16,13,11,25
LG035,,15,6,29,14,9,11,9,10,11,10,10,X,15,13,8,17
LG035,,16,9,30,21,10,11,12,11,12,11,11,Y,17,15,11,19
LG036,,15,6,29,15,12,11,9,10,9,12,12,X,17,12,8,21
LG036,,16,7,30,17,15,11,13,10,11,12,13,X,17,15,11,25
LG037,,15,7,30,15,12,11,9,10,9,10,11,X,15,13,8,22
LG037,,16,7,30,15,19,12,11,11,13,12,13,X,17,15,11,25
LG038,,15,7,28,13,12,11,10,8,12,11,10,X,16,12,8,22
LG038,,15,9.3,29,15,20,13,14,11,13,12,11,Y,18,13,12,25
LG039,,16,6,30,13,11,11,8,7,9,11,10,X,16,13,8,21
LG039,,17,9,32.2,15,21,12,11,11,13,14,13,X,18,14,11,26
LG039b,,15,7,29,14,15,11,11,10,10,10,11,X,17,15,8,21
LG039b,,16,7,30,15,19,12,13,11,11,12,12,X,18,16,11,22
LG040,,15,6,29,12,7,11,11,10,11,11,7,X,16,13,9,19
LG040,,18,9.3,31.2,13,12,12,14,14,12,12,12,X,17,15,12,27
LG041,,15,6,30,17,12,11,9,12,11,12,10,X,16,14,11,19
LG041,,16,8,35,20,20,11,11,13,12,12,11,X,19,14,11,26
LG042,,14,6,27,15,5,7,12,10,12,11,9,X,14,13,8,19
LG042,,16,9.3,31.2,16,7,11,14,12,12,13,13,X,18,13,11,24
LG043,,15,7,30,14,19,11,9,11,10,10,9,X,15,13,11,21
LG043,,15,7,30,15,19,12,11,11,13,12,11,Y,18,16,11,22
LG044,,15,6,31,15,11,12,13,7,9,10,11,X,16,11,11,19
LG044,,16,9,32.2,18,12,13,13,11,9,10,12,X,16,12,11,25
LG045,,15,6,28,12,14,11,9,11,13,10,11,X,16,12,8,23
LG045,,15,7,30,13,19,12,9,12,13,12,12,X,18,14,8,25
LG046,,15,7,30,12,12,11,9,12,9,10,10,X,14,13,8,24
LG046,,18,9.3,32.2,17,19,12,11,12,13,10,12,X,16,14,12,25
LG047,,15,6,29,13,7,11,8,10,10,9,9,X,14,14,8,17
LG047,,17,6,31.2,14,12,12,9,10,13,11,13,Y,18,15,12,24
LG048,,16,6,29,12,5,11,12,11,9,10,10,X,16,11,9,24
LG048,,16,7,32.2,15,11,13,13,11,10,12,11,X,16,12,11,25
LG049,,14,9.3,28,17,5,11,11,10,9,10,10,X,16,11,8,25
LG049,,15,10,30,19,12,12,13,12,12,10,10,Y,17,11,11,25
LG050,,15,7,31.2,19,14,7,10,9,11,10,9,X,15,12,8,19
LG050,,16,7,31.2,19,18,11,12,11,12,12,12,X,16,14,8,28
LG051,,16,6,29,14,8,11,12,11,10,10,10,X,15,11,10,25
LG051,,17,9,29,18,12,13,12,11,12,13,11,X,15,11,12,29
LG052,,16,7,29,14,12,11,9,11,9,11,10,X,14,14,8,24
LG052,,16,9.3,33.2,17,15,13,12,11,12,13,11,X,18,16,12,25
LG053,,14,6,29,13,12,11,12,10,12,10,10,X,15,12,8,27
LG053,,15,6,30,16,12,12,12,11,12,12,12,X,17,15,8,27
LG054,,16,9,29,13,10,12,8,10,8,12,12,X,16,13,8,21
LG054,,16,9.3,30,14,12,14,11,12,11,12,13,X,18,14,11,25
LG055,,15,7,30,13,8,11,8,12,9,10,10,X,14,12,8,21
LG055,,18,9.3,30,16,14,12,11,12,10,10,13,X,16,13,12,27
LG056,,15,9.3,30.2,11,12,10,8,11,10,10,10,X,16,13,8,21
LG056,,19,9.3,33.2,15,20,12,13,11,13,11,10,X,17,15,11,23
LG057,,15,7,29,13,10,11,11,9,11,10,8,X,17,12,8,20
LG057,,18,9.3,32.2,14,13,13,12,10,13,13,9,Y,18,15,12,24
LG058,,15,6,30,14,12,11,12,11,12,11,9,X,15,12,8,20
LG058,,15,7,30,16,14,11,12,12,12,12,10,X,16,12,12,27
LG059,,16,6,31.2,15,12,11,14,11,10,11,9,X,14,13,8,26
LG059,,16,9.3,31.2,17,13,12,14,12,11,11,10,Y,16,14,11,26
LG060,,16,6,30,15,13,10,9,10,10,10,11,X,15,13,11,22
LG060,,17,8,31,16,18,11,11,12,12,12,12,Y,16,15,12,26
LG061,,15,6,29,16,7,12,11,10,12,10,9,X,17,12,8,24
LG061,,16,7,31.2,17,12,12,12,11,12,11,12,Y,19,12,11,27
LG062,,15,7,29,13,12,13,11,11,9,9,9,X,17,12,8,23
LG062,,18,9.3,31,16,14,13,14,11,12,11,10,X,19,14,12,25
MP001,,15,9.3,30,14,14,9,10,10,9,11,10,X,14,12,8,19
MP001,,16,9.3,31.2,14,17,12,12,11,13,11,12,X,19,13,12,26
MP002,,15,-9,-9,-9,-9,-9,-9,-9,-9,-9,-9,-9,-9,-9,-9,-9
MP002,,15,-9,-9,-9,-9,-9,-9,-9,-9,-9,-9,-9,-9,-9,-9,-9
MP003,,14,7,30,13,10,11,8,11,9,11,10,X,16,12,11,21
MP003,,16,7,30,15,14,11,10,12,11,12,10,Y,16,14,12,24
MP004,,15,6,28,14,21,11,11,11,10,10,9,X,16,13,7,23
MP004,,16,9.3,30,14,21,13,14,13,12,11,12,X,16,15,8,26
MP006,,15,6,32.2,19,19,11,8,9,11,11,10,X,14,13,11,21
MP006,,16,10,32.2,19,22,13,14,10,12,12,10,X,18,14,11,24
MP007,,15,9.3,29,15,12,11,9,12,9,11,13,X,16,12,8,19
MP007,,16,9.3,29,17,13,11,9,12,10,11,13,X,17,13,11,23
MP008,,16,9.3,29,13,14,11,10,10,11,10,8,X,16,14,8,20
MP008,,18,9.3,30,14,15,11,12,11,12,11,10,X,18,14,8,23
MP009,,15,9.3,29,16,17,11,9,10,10,10,11,X,17,13,8,21
MP009,,16,9.3,30,16,20,11,12,11,11,12,13,X,18,15,11,22
MP010,,15,7,29,16,13,11,9,10,10,10,11,X,15,12,8,19
MP010,,16,9.3,32.2,17,19,11,11,12,12,11,13,X,16,16,12,22
MP012,,15,6,28,14,8,9,9,10,11,10,11,X,16,14,9,21
MP012,,15,9.3,30,18,17,13,9,10,12,11,11,Y,18,16,11,23
MP013,,15,6,31,13,13,11,8,12,11,10,9,X,16,13,11,20
MP013,,15,8,34.2,17,14,11,13,12,13,12,11,X,17,14,11,24
MP015,,15,6,29,13,13,7,10,10,9,12,7,X,17,13,8,24
MP015,,16,7,31.2,16,13,11,12,10,12,13,7,X,18,15,8,27
MP016,,15,9,28,14,17,9,10,10,9,10,9,X,17,13,8,21
MP016,,18,9.3,30,18,17,11,13,11,12,12,11,X,17,14,8,21
MP017,,15,7,28,17,12,12,12,11,9,10,9,X,16,12,8,23
MP017,,17,8,30,17,13,13,12,11,13,12,13,X,18,13,8,24
MP018,,15,7,30,16,7,7,10,8,11,12,10,X,16,13,8,22
MP018,,16,9,31,17,12,12,12,12,13,12,12,Y,19,16,8,27
MP019,,15,7,29,13,12,11,10,10,11,10,11,X,16,11,8,20
MP019,,15,9.3,29,17,12,12,11,11,12,12,13,Y,16,14,11,21
MP020,,15,6,30,14,19,7,9,10,12,11,11,X,16,12,8,20
MP020,,16,7,34.2,17,19,11,12,12,12,12,14,X,17,15,12,23
MP021,,15,7,31,12,12,11,12,10,9,11,10,X,17,15,8,21
MP021,,16,7,31.2,15,12,12,12,11,9,12,10,Y,18,15,11,25
MP023,,15,7,30,12,11,9,10,9,9,10,7,X,17,13,8,19
MP023,,16,9.3,30,14,17,12,13,10,13,11,12,Y,17,14,11,27
MP024,,15,7,31.2,17,10,11,11,10,11,10,10,X,16,13,8,25
MP024,,16,9,32.2,17,17,12,12,11,12,11,11,X,17,13,8,25
MP026,,15,8,28,9,13,7,9,9,10,10,11,X,16,13,8,19
MP026,,15,9,33.2,15,18,13,9,10,12,12,13,X,17,16,8,23
MP027,,18,6,30,14,12,12,9,10,9,10,9,X,16,12,11,20
MP027,,19,7,30,17,13,13,11,12,12,10,9,X,18,14,11,21
MP029,,15,6,31,15,15,12,9,7,9,11,9,X,16,12,8,19
MP029,,15,9,32.2,16,17,13,11,11,11,12,11,Y,17,13,8,20.2
MP030,,15,7,31,12,7,11,9,10,11,12,11,X,16,13,8,21
MP030,,15,9,32,13,7,11,15,12,11,12,14,X,16,13,8,27
MP031,,16,9.3,31,14,15,12,11,9,11,10,9,X,16,13,8,20
MP031,,16,9.3,32.2,16,20,12,14,13,12,11,12,X,17,15,11,25
MP032,,15,6,33.2,15,12,9,11,10,11,11,10,X,16,10,11,23
MP032,,15,7,33.2,15,16,11,12,10,12,11,13,Y,16,13,12,24
MP033,,15,6,29,13,12,9,8,10,10,11,10,X,16,13,8,23
MP033,,16,7,33.2,15,18,11,12,11,12,11,13,Y,16,13,12,24
MP034,,16,7,28,19,15,7,9,11,10,12,12,X,16,12,8,21
MP034,,16,9,32.2,19,20,12,12,12,12,12,13,Y,18,12,11,25
MP035,,16,6,31,18,5,12,11,11,13,-9,-9,X,15,10,8,26
MP035,,16,9.3,32.2,18,13,13,14,13,13,-9,-9,Y,16,10,8,26
MP036,,16,7,31.2,14,16,11,11,11,12,10,11,X,15,12,8,26
MP036,,16,9.3,31.2,14,16,13,12,12,12,10,11,X,16,12,10,27
MP038,,15,6,30,14,5,12,8,12,9,12,12,X,15,12,8,25
MP038,,16,7,31.2,15,7,13,13,12,10,12,13,Y,17,15,11,26
MP040,,15,7,29,12,13,11,11,8,12,10,11,X,16,13,9,19
MP040,,15,8,31,14,21,11,11,11,12,11,14,X,16,14,11,19
NM,,15,6,28,16,16,11,8,10,9,10,11,X,17,13,8,21
NM,,15,10,31,16,16,11,9,10,11,12,12,Y,19,13,8,23
pos_ctrl,,17,6,29,16,7,12,9,8,9,12,12,X,16,14,11,20
pos_ctrl,,18,9.3,31.2,18,14,12,11,11,13,12,13,Y,19,15,11,23
VP001,,15,6,30,14,18,8,9,12,12,10,9,X,15,10,8,20
VP001,,16,9.3,31.2,14,20,9,12,12,12,12,9,X,16,13,11,21
VP005,,14,7,29,11,10,11,8,11,9,12,10,X,16,12,8,24
VP005,,18,10,31.2,14,10,12,11,12,12,13,12,Y,17,15,8,25
VP006,,15,7,29,14,7,7,11,10,9,10,9,X,15,10,8,22
VP006,,16,7,31.2,14,10,11,11,11,12,12,14,X,16,12,11,26
VP007,,16,6,31.2,16,15,11,10,12,11,10,10,X,16,10,8,23
VP007,,16,9,33.2,17,21,12,14,12,11,12,11,Y,20,15,12,26
WW182,,16,9,29,12,13,11,8,7,11,7,13,X,15,11,8,20
WW182,,18,9.3,29,15,18,12,11,11,12,10,14,X,18,14,11,21
