Sample Name,Marker,Allele 1,Allele 2
DV001,D3S1358,16,16
DV001,TH01,7,9.3
DV001,D21S11,30,32.2
DV001,D18S51,17,17
DV001,Penta E,13,14
DV001,D5S818,12,12
DV001,D13S317,9,13
DV001,D7S820,11,12
DV001,D16S539,12,12
DV001,CSF1PO,11,11
DV001,Penta D,9,10
DV001,AMEL,X,X
DV001,vWA,16,16
DV001,D8S1179,10,13
DV001,TPOX,10,11
DV001,FGA,24,25
DV002,D3S1358,14,16
DV002,TH01,9,9.3
DV002,D21S11,29,32.2
DV002,D18S51,14,16
DV002,Penta E,15,15
DV002,D5S818,7,11
DV002,D13S317,9,12
DV002,D7S820,11,11
DV002,D16S539,11,12
DV002,CSF1PO,10,12
DV002,Penta D,9,12
DV002,AMEL,X,Y
DV002,vWA,16,18
DV002,D8S1179,14,15
DV002,TPOX,8,11
DV002,FGA,21,25
DV003,D3S1358,15,16
DV003,TH01,6,9
DV003,D21S11,29,32.2
DV003,D18S51,14,16
DV003,Penta E,13,15
DV003,D5S818,11,11
DV003,D13S317,8,12
DV003,D7S820,11,14
DV003,D16S539,9,12
DV003,CSF1PO,11,12
DV003,Penta D,9,12
DV003,AMEL,X,X
DV003,vWA,17,18
DV003,D8S1179,14,15
DV003,TPOX,8,11
DV003,FGA,19,21
DV004,D3S1358,15,18
DV004,TH01,9,9.3
DV004,D21S11,30,33.2
DV004,D18S51,17,19
DV004,Penta E,15,15
DV004,D5S818,7,7
DV004,D13S317,11,13
DV004,D7S820,8,11
DV004,D16S539,10,12
DV004,CSF1PO,11,13
DV004,Penta D,9,9
DV004,AMEL,X,X
DV004,vWA,17,18
DV004,D8S1179,12,15
DV004,TPOX,8,11
DV004,FGA,21,25
DV005,D3S1358,14,15
DV005,TH01,7,7
DV005,D21S11,29,32.2
DV005,D18S51,15,15
DV005,Penta E,17,17
DV005,D5S818,9,10
DV005,D13S317,12,12
DV005,D7S820,8,11
DV005,D16S539,12,13
DV005,CSF1PO,10,12
DV005,Penta D,2.2,10
DV005,AMEL,X,Y
DV005,vWA,16,17
DV005,D8S1179,14,14
DV005,TPOX,8,8
DV005,FGA,21,23
DV006,D3S1358,15,16
DV006,TH01,9,9
DV006,D21S11,29,33.2
DV006,D18S51,12,14
DV006,Penta E,8,10
DV006,D5S818,11,12
DV006,D13S317,9,13
DV006,D7S820,11,13
DV006,D16S539,12,12
DV006,CSF1PO,10,11
DV006,Penta D,9,13
DV006,AMEL,X,X
DV006,vWA,15,16
DV006,D8S1179,10,13
DV006,TPOX,8,11
DV006,FGA,24,25
DV007,D3S1358,16,16
DV007,TH01,7,9
DV007,D21S11,30,32.2
DV007,D18S51,12,14
DV007,Penta E,7,12
DV007,D5S818,11,13
DV007,D13S317,8,9
DV007,D7S820,11,12
DV007,D16S539,9,10
DV007,CSF1PO,11,12
DV007,Penta D,9,9
DV007,AMEL,X,Y
DV007,vWA,16,17
DV007,D8S1179,12,14
DV007,TPOX,8,8
DV007,FGA,21,21
EA001,D3S1358,16,17
EA001,TH01,7,9
EA001,D21S11,25,29
EA001,D18S51,14,16
EA001,Penta E,5,8
EA001,D5S818,11,11
EA001,D13S317,9,12
EA001,D7S820,7,11
EA001,D16S539,9,10
EA001,CSF1PO,10,11
EA001,Penta D,9,14
EA001,AMEL,X,Y
EA001,vWA,17,18
EA001,D8S1179,13,15
EA001,TPOX,8,8
EA001,FGA,20,22
EA002,D3S1358,16,16
EA002,TH01,6,7
EA002,D21S11,31.2,32.2
EA002,D18S51,14,16
EA002,Penta E,19,19
EA002,D5S818,11,11
EA002,D13S317,8,11
EA002,D7S820,11,12
EA002,D16S539,11,12
EA002,CSF1PO,12,12
EA002,Penta D,14,14
EA002,AMEL,X,X
EA002,vWA,16,19
EA002,D8S1179,12,12
EA002,TPOX,8,8
EA002,FGA,23,26
EA003,D3S1358,15,15
EA003,TH01,6,7
EA003,D21S11,30,32.2
EA003,D18S51,15,16
EA003,Penta E,7,12
EA003,D5S818,11,13
EA003,D13S317,9,9
EA003,D7S820,9,12
EA003,D16S539,11,13
EA003,CSF1PO,10,11
EA003,Penta D,10,11
EA003,AMEL,X,Y
EA003,vWA,16,17
EA003,D8S1179,10,12
EA003,TPOX,8,11
EA003,FGA,19,25
EA004,D3S1358,17,17
EA004,TH01,7,7
EA004,D21S11,28,32.2
EA004,D18S51,,
EA004,Penta E,,
EA004,D5S818,11,12
EA004,D13S317,9,10
EA004,D7S820,11,12
EA004,D16S539,9,12
EA004,CSF1PO,,
EA004,Penta D,12,12
EA004,AMEL,X,Y
EA004,vWA,18,18
EA004,D8S1179,10,15
EA004,TPOX,8,11
EA004,FGA,22,22
EA005,D3S1358,16,17
EA005,TH01,7,7
EA005,D21S11,29,30
EA005,D18S51,16,16
EA005,Penta E,11,12
EA005,D5S818,13,13
EA005,D13S317,11,13
EA005,D7S820,11,11
EA005,D16S539,10,10
EA005,CSF1PO,10,12
EA005,Penta D,12,12
EA005,AMEL,X,Y
EA005,vWA,17,17
EA005,D8S1179,14,15
EA005,TPOX,9,11
EA005,FGA,21,23
EA006,D3S1358,16,16
EA006,TH01,6,7
EA006,D21S11,28,28
EA006,D18S51,,
EA006,Penta E,7,9
EA006,D5S818,11,12
EA006,D13S317,11,11
EA006,D7S820,11,11
EA006,D16S539,12,12
EA006,CSF1PO,11,11
EA006,Penta D,12,13
EA006,AMEL,X,Y
EA006,vWA,15,16
EA006,D8S1179,12,12
EA006,TPOX,11,11
EA006,FGA,25,27
EA007,D3S1358,14,16
EA007,TH01,7,9.3
EA007,D21S11,25,32.2
EA007,D18S51,,
EA007,Penta E,12,12
EA007,D5S818,12,12
EA007,D13S317,9,14
EA007,D7S820,11,12
EA007,D16S539,11,12
EA007,CSF1PO,10,12
EA007,Penta D,10,10
EA007,AMEL,X,X
EA007,vWA,16,17
EA007,D8S1179,11,12
EA007,TPOX,10,11
EA007,FGA,20,25
EA008,D3S1358,16,16
EA008,TH01,6,7
EA008,D21S11,28,32.2
EA008,D18S51,15,15
EA008,Penta E,7,14
EA008,D5S818,12,12
EA008,D13S317,9,11
EA008,D7S820,11,13
EA008,D16S539,12,12
EA008,CSF1PO,11,12
EA008,Penta D,11,13
EA008,AMEL,X,Y
EA008,vWA,15,15
EA008,D8S1179,10,12
EA008,TPOX,8,11
EA008,FGA,22,27
EA009,D3S1358,14,16
EA009,TH01,7,8
EA009,D21S11,27,30
EA009,D18S51,13,17
EA009,Penta E,13,14
EA009,D5S818,11,13
EA009,D13S317,12,12
EA009,D7S820,10,11
EA009,D16S539,9,9
EA009,CSF1PO,12,13
EA009,Penta D,11,12
EA009,AMEL,X,Y
EA009,vWA,16,16
EA009,D8S1179,13,15
EA009,TPOX,8,8
EA009,FGA,19,21
EA010,D3S1358,15,16
EA010,TH01,7,9.3
EA010,D21S11,28,32.2
EA010,D18S51,,
EA010,Penta E,11,16
EA010,D5S818,11,12
EA010,D13S317,9,11
EA010,D7S820,11,12
EA010,D16S539,10,11
EA010,CSF1PO,,
EA010,Penta D,10,11
EA010,AMEL,X,Y
EA010,vWA,15,18
EA010,D8S1179,14,15
EA010,TPOX,8,12
EA010,FGA,18.2,24
EA011,D3S1358,15,15
EA011,TH01,6,9
EA011,D21S11,31.2,32.2
EA011,D18S51,14,16
EA011,Penta E,17,19
EA011,D5S818,7,12
EA011,D13S317,8,10
EA011,D7S820,10,12
EA011,D16S539,9,11
EA011,CSF1PO,10,12
EA011,Penta D,11,12
EA011,AMEL,X,Y
EA011,vWA,16,16
EA011,D8S1179,11,12
EA011,TPOX,8,11
EA011,FGA,21,25
EA012,D3S1358,16,17
EA012,TH01,7,9.3
EA012,D21S11,29,30
EA012,D18S51,14,16
EA012,Penta E,13,14
EA012,D5S818,9,12
EA012,D13S317,11,12
EA012,D7S820,11,13
EA012,D16S539,11,13
EA012,CSF1PO,11,13
EA012,Penta D,7,15
EA012,AMEL,X,X
EA012,vWA,18,19
EA012,D8S1179,12,14
EA012,TPOX,8,8
EA012,FGA,22,22
MQ001,D3S1358,15,16
MQ001,TH01,7,7
MQ001,D21S11,30,32.2
MQ001,D18S51,12,17
MQ001,Penta E,10,16
MQ001,D5S818,10,11
MQ001,D13S317,9,9
MQ001,D7S820,11,11
MQ001,D16S539,9,12
MQ001,CSF1PO,11,12
MQ001,Penta D,10,11
MQ001,AMEL,X,X
MQ001,vWA,17,20
MQ001,D8S1179,12,12
MQ001,TPOX,8,11
MQ001,FGA,21,21
MQ002,D3S1358,15,16
MQ002,TH01,6,7
MQ002,D21S11,31.2,33.2
MQ002,D18S51,15,24
MQ002,Penta E,17,19
MQ002,D5S818,11,12
MQ002,D13S317,9,11
MQ002,D7S820,10,12
MQ002,D16S539,11,11
MQ002,CSF1PO,9,12
MQ002,Penta D,9,10
MQ002,AMEL,X,X
MQ002,vWA,17,17
MQ002,D8S1179,13,14
MQ002,TPOX,9,12
MQ002,FGA,19,24
MQ003,D3S1358,16,16
MQ003,TH01,7,7
MQ003,D21S11,29,30
MQ003,D18S51,14,14
MQ003,Penta E,12,20
MQ003,D5S818,12,13
MQ003,D13S317,9,14
MQ003,D7S820,8,12
MQ003,D16S539,10,11
MQ003,CSF1PO,11,12
MQ003,Penta D,11,12
MQ003,AMEL,X,X
MQ003,vWA,16,16
MQ003,D8S1179,13,14
MQ003,TPOX,8,11
MQ003,FGA,22,23
MQ004,D3S1358,15,16
MQ004,TH01,6,6
MQ004,D21S11,30,32.2
MQ004,D18S51,12,14
MQ004,Penta E,11,12
MQ004,D5S818,13,13
MQ004,D13S317,9,12
MQ004,D7S820,8,12
MQ004,D16S539,9,12
MQ004,CSF1PO,11,12
MQ004,Penta D,11,12
MQ004,AMEL,X,X
MQ004,vWA,16,19
MQ004,D8S1179,14,16
MQ004,TPOX,8,8
MQ004,FGA,20,20
MQ005,D3S1358,15,15
MQ005,TH01,7,9.3
MQ005,D21S11,30,30
MQ005,D18S51,16,18
MQ005,Penta E,5,12
MQ005,D5S818,11,13
MQ005,D13S317,10,10
MQ005,D7S820,11,14
MQ005,D16S539,9,12
MQ005,CSF1PO,9,12
MQ005,Penta D,9,13
MQ005,AMEL,X,Y
MQ005,vWA,15,16
MQ005,D8S1179,14,15
MQ005,TPOX,8,11
MQ005,FGA,21,26
MQ006,D3S1358,16,16
MQ006,TH01,6,7
MQ006,D21S11,30,31.2
MQ006,D18S51,12,13
MQ006,Penta E,11,12
MQ006,D5S818,7,7
MQ006,D13S317,8,11
MQ006,D7S820,11,12
MQ006,D16S539,12,13
MQ006,CSF1PO,11,11
MQ006,Penta D,9,11
MQ006,AMEL,X,X
MQ006,vWA,17,18
MQ006,D8S1179,10,15
MQ006,TPOX,8,12
MQ006,FGA,19,24
MQ007,D3S1358,16,17
MQ007,TH01,7,9
MQ007,D21S11,32.2,32.2
MQ007,D18S51,14,16
MQ007,Penta E,15,15
MQ007,D5S818,13,13
MQ007,D13S317,12,13
MQ007,D7S820,11,12
MQ007,D16S539,10,14
MQ007,CSF1PO,11,13
MQ007,Penta D,9,9
MQ007,AMEL,X,X
MQ007,vWA,15,16
MQ007,D8S1179,13,14
MQ007,TPOX,8,11
MQ007,FGA,19,21
MQ008,D3S1358,15,16
MQ008,TH01,9.3,9.3
MQ008,D21S11,28,29
MQ008,D18S51,14,16
MQ008,Penta E,12,12
MQ008,D5S818,11,13
MQ008,D13S317,12,13
MQ008,D7S820,9,11
MQ008,D16S539,10,11
MQ008,CSF1PO,11,12
MQ008,Penta D,9,11
MQ008,vWA,15,18
MQ008,AMEL,X,X
MQ008,D8S1179,14,15
MQ008,TPOX,8,11
MQ008,FGA,20,23.2
MQ009,D3S1358,15,16
MQ009,TH01,7,9
MQ009,D21S11,30,31
MQ009,D18S51,13,14
MQ009,Penta E,9,16
MQ009,D5S818,9,11
MQ009,D13S317,12,12
MQ009,D7S820,11,11
MQ009,D16S539,9,10
MQ009,CSF1PO,12,12
MQ009,Penta D,9,11
MQ009,AMEL,X,X
MQ009,vWA,15,17
MQ009,D8S1179,11,14
MQ009,TPOX,9,11
MQ009,FGA,25,25
MQ010,D3S1358,15,17
MQ010,TH01,6,7
MQ010,D21S11,30,30
MQ010,D18S51,18,21
MQ010,Penta E,12,15
MQ010,D5S818,12,12
MQ010,D13S317,10,11
MQ010,D7S820,10,12
MQ010,D16S539,11,11
MQ010,CSF1PO,10,11
MQ010,Penta D,10,10
MQ010,AMEL,X,X
MQ010,vWA,16,16
MQ010,D8S1179,14,15
MQ010,TPOX,8,8
MQ010,FGA,24,26
MQ011,D3S1358,15,15
MQ011,TH01,7,9.3
MQ011,D21S11,31,31.2
MQ011,D18S51,13,14
MQ011,Penta E,11,13
MQ011,D5S818,11,11
MQ011,D13S317,11,11
MQ011,D7S820,11,12
MQ011,D16S539,11,11
MQ011,CSF1PO,10,12
MQ011,Penta D,9,10
MQ011,AMEL,X,X
MQ011,vWA,18,18
MQ011,D8S1179,12,12
MQ011,TPOX,11,11
MQ011,FGA,24,25
MQ012,D3S1358,15,16
MQ012,TH01,7,9.3
MQ012,D21S11,28,32.2
MQ012,D18S51,17,17
MQ012,Penta E,13,14
MQ012,D5S818,12,12
MQ012,D13S317,10,12
MQ012,D7S820,8,13
MQ012,D16S539,10,11
MQ012,CSF1PO,11,13
MQ012,Penta D,9,12
MQ012,AMEL,X,X
MQ012,vWA,16,17
MQ012,D8S1179,11,14
MQ012,TPOX,8,11
MQ012,FGA,19,25
MQ013,D3S1358,16,17
MQ013,TH01,9.3,9.3
MQ013,D21S11,30,32.2
MQ013,D18S51,12,14
MQ013,Penta E,15,15
MQ013,D5S818,7,11
MQ013,D13S317,11,11
MQ013,D7S820,10,12
MQ013,D16S539,9,10
MQ013,CSF1PO,12,12
MQ013,Penta D,10,11
MQ013,AMEL,X,Y
MQ013,vWA,15,16
MQ013,D8S1179,12,13
MQ013,TPOX,12,12
MQ013,FGA,21,23
MQ014,D3S1358,14,16
MQ014,TH01,7,9
MQ014,D21S11,31.2,33.2
MQ014,D18S51,12,17
MQ014,Penta E,11,15
MQ014,D5S818,10,11
MQ014,D13S317,9,10
MQ014,D7S820,10,10
MQ014,D16S539,10,11
MQ014,CSF1PO,10,10
MQ014,Penta D,12,13
MQ014,AMEL,X,Y
MQ014,vWA,18,18
MQ014,D8S1179,14,15
MQ014,TPOX,11,13
MQ014,FGA,26,28
MQ015,D3S1358,17,17
MQ015,TH01,7,8
MQ015,D21S11,28,29
MQ015,D18S51,13,16
MQ015,Penta E,7,7
MQ015,D5S818,10,12
MQ015,D13S317,9,11
MQ015,D7S820,11,12
MQ015,D16S539,12,12
MQ015,CSF1PO,9,12
MQ015,Penta D,10,11
MQ015,AMEL,X,Y
MQ015,vWA,15,16
MQ015,D8S1179,13,13
MQ015,TPOX,10,11
MQ015,FGA,20,22
MQ016,D3S1358,15,16
MQ016,TH01,6,9
MQ016,D21S11,29,31.2
MQ016,D18S51,12,13
MQ016,Penta E,12,15
MQ016,D5S818,11,12
MQ016,D13S317,8,13
MQ016,D7S820,7,11
MQ016,D16S539,11,13
MQ016,CSF1PO,9,10
MQ016,Penta D,12,12
MQ016,AMEL,X,Y
MQ016,vWA,18,19
MQ016,D8S1179,8,13
MQ016,TPOX,11,11
MQ016,FGA,20,26
MQ017,D3S1358,14,15
MQ017,TH01,9.3,10
MQ017,D21S11,28,30
MQ017,D18S51,14,14
MQ017,Penta E,13,14
MQ017,D5S818,11,11
MQ017,D13S317,9,14
MQ017,D7S820,11,11
MQ017,D16S539,12,12
MQ017,CSF1PO,10,12
MQ017,Penta D,9,13
MQ017,AMEL,X,X
MQ017,vWA,15,16
MQ017,D8S1179,13,14
MQ017,TPOX,8,12
MQ017,FGA,20,25
MQ018,D3S1358,15,16
MQ018,TH01,7,9.3
MQ018,D21S11,28,29
MQ018,D18S51,,
MQ018,Penta E,11,12
MQ018,D5S818,7,13
MQ018,D13S317,11,11
MQ018,D7S820,9,10
MQ018,D16S539,9,12
MQ018,CSF1PO,,
MQ018,Penta D,10,11
MQ018,AMEL,X,X
MQ018,vWA,16,17
MQ018,D8S1179,14,14
MQ018,TPOX,11,11
MQ018,FGA,19,21
MQ019,D3S1358,15,16
MQ019,TH01,6,7
MQ019,D21S11,29,32.2
MQ019,D18S51,14,15
MQ019,Penta E,12,20
MQ019,D5S818,11,11
MQ019,D13S317,11,13
MQ019,D7S820,10,10
MQ019,D16S539,10,10
MQ019,CSF1PO,11,12
MQ019,Penta D,9,12
MQ019,AMEL,X,X
MQ019,vWA,16,18
MQ019,D8S1179,13,14
MQ019,TPOX,11,12
MQ019,FGA,20,25
MQ020,D3S1358,15,16
MQ020,TH01,6,7
MQ020,D21S11,28,30
MQ020,D18S51,14,16
MQ020,Penta E,,
MQ020,D5S818,11,13
MQ020,D13S317,8,14
MQ020,D7S820,12,12
MQ020,D16S539,9,9
MQ020,CSF1PO,10,11
MQ020,Penta D,10,10
MQ020,AMEL,X,X
MQ020,vWA,16,18
MQ020,D8S1179,14,14
MQ020,TPOX,8,11
MQ020,FGA,23,25
MQ021,D3S1358,15,16
MQ021,TH01,6,9.3
MQ021,D21S11,28,30
MQ021,D18S51,,
MQ021,Penta E,,
MQ021,D5S818,11,11
MQ021,D13S317,9,12
MQ021,D7S820,10,12
MQ021,D16S539,10,12
MQ021,CSF1PO,,
MQ021,Penta D,9,10
MQ021,AMEL,X,X
MQ021,vWA,17,19
MQ021,D8S1179,13,15
MQ021,TPOX,8,12
MQ021,FGA,24,26
MQ022,D3S1358,15,18
MQ022,TH01,6,6
MQ022,D21S11,32.2,32.2
MQ022,D18S51,14,17
MQ022,Penta E,12,16
MQ022,D5S818,9,10
MQ022,D13S317,9,10
MQ022,D7S820,10,11
MQ022,D16S539,11,12
MQ022,CSF1PO,10,12
MQ022,Penta D,9,13
MQ022,AMEL,X,Y
MQ022,vWA,16,18
MQ022,D8S1179,12,14
MQ022,TPOX,8,9
MQ022,FGA,23,28
PQ001,D3S1358,14,17
PQ001,TH01,9,9.3
PQ001,D21S11,29,33.2
PQ001,D18S51,,
PQ001,Penta E,16,19
PQ001,D5S818,11,13
PQ001,D13S317,8,12
PQ001,D7S820,9,11
PQ001,D16S539,12,12
PQ001,CSF1PO,,
PQ001,Penta D,10,12
PQ001,AMEL,X,X
PQ001,vWA,16,16
PQ001,D8S1179,14,14
PQ001,TPOX,8,8
PQ001,FGA,24,25
PQ002,D3S1358,15,18
PQ002,TH01,6,9.3
PQ002,D21S11,29,32.2
PQ002,D18S51,15,16
PQ002,Penta E,11,15
PQ002,D5S818,12,12
PQ002,D13S317,9,14
PQ002,D7S820,10,11
PQ002,D16S539,9,10
PQ002,CSF1PO,10,12
PQ002,Penta D,12,12
PQ002,AMEL,X,Y
PQ002,vWA,17,19
PQ002,D8S1179,10,12
PQ002,TPOX,8,11
PQ002,FGA,21,22
PQ003,D3S1358,14,17
PQ003,TH01,6,9
PQ003,D21S11,31,32.2
PQ003,D18S51,18,19
PQ003,Penta E,7,17
PQ003,D5S818,11,12
PQ003,D13S317,9,11
PQ003,D7S820,10,10
PQ003,D16S539,11,12
PQ003,CSF1PO,11,12
PQ003,Penta D,10,13
PQ003,AMEL,X,X
PQ003,vWA,14,17
PQ003,D8S1179,12,13
PQ003,TPOX,10,11
PQ003,FGA,19,23
PQ004,D3S1358,15,18
PQ004,TH01,6,7
PQ004,D21S11,28,29
PQ004,D18S51,14,14
PQ004,Penta E,12,14
PQ004,D5S818,11,11
PQ004,D13S317,9,14
PQ004,D7S820,11,11
PQ004,D16S539,12,12
PQ004,CSF1PO,9,10
PQ004,Penta D,9,13
PQ004,AMEL,X,Y
PQ004,vWA,15,16
PQ004,D8S1179,13,14
PQ004,TPOX,8,12
PQ004,FGA,20,27
PQ005,D3S1358,15,18
PQ005,TH01,9,9.3
PQ005,D21S11,31.2,32.2
PQ005,D18S51,13,14
PQ005,Penta E,12,18
PQ005,D5S818,7,12
PQ005,D13S317,8,14
PQ005,D7S820,12,12
PQ005,D16S539,11,13
PQ005,CSF1PO,10,12
PQ005,Penta D,11,13
PQ005,AMEL,X,Y
PQ005,vWA,17,17
PQ005,D8S1179,13,16
PQ005,TPOX,8,8
PQ005,FGA,21,23
PQ006,D3S1358,15,18
PQ006,TH01,6,9.3
PQ006,D21S11,30,33.2
PQ006,D18S51,14,15
PQ006,Penta E,12,15
PQ006,D5S818,12,13
PQ006,D13S317,8,11
PQ006,D7S820,10,12
PQ006,D16S539,10,11
PQ006,CSF1PO,9,10
PQ006,Penta D,10,10
PQ006,AMEL,X,Y
PQ006,vWA,15,16
PQ006,D8S1179,10,14
PQ006,TPOX,8,12
PQ006,FGA,25,26
PQ007,D3S1358,15,17
PQ007,TH01,6,9
PQ007,D21S11,30.2,33.2
PQ007,D18S51,,
PQ007,Penta E,16,18
PQ007,D5S818,10,13
PQ007,D13S317,9,14
PQ007,D7S820,11,12
PQ007,D16S539,9,10
PQ007,CSF1PO,,
PQ007,Penta D,10,10
PQ007,AMEL,X,X
PQ007,vWA,17,17
PQ007,D8S1179,11,13
PQ007,TPOX,8,8
PQ007,FGA,21,24
PQ008,D3S1358,15,16
PQ008,TH01,7,8
PQ008,D21S11,28,30
PQ008,D18S51,,
PQ008,Penta E,7,11
PQ008,D5S818,11,12
PQ008,D13S317,9,9
PQ008,D7S820,9,12
PQ008,D16S539,11,13
PQ008,CSF1PO,11,12
PQ008,Penta D,9,9
PQ008,AMEL,X,Y
PQ008,vWA,16,18
PQ008,D8S1179,13,14
PQ008,TPOX,10,12
PQ008,FGA,19,24
PQ009,D3S1358,16,17
PQ009,TH01,8,8
PQ009,D21S11,29,32.2
PQ009,D18S51,15,15
PQ009,Penta E,10,12
PQ009,D5S818,11,12
PQ009,D13S317,8,12
PQ009,D7S820,9,10
PQ009,D16S539,9,12
PQ009,CSF1PO,9,10
PQ009,Penta D,10,13
PQ009,AMEL,X,X
PQ009,vWA,15,17
PQ009,D8S1179,10,11
PQ009,TPOX,11,11
PQ009,FGA,22,26
PQ010,D3S1358,14,15
PQ010,TH01,6,10
PQ010,D21S11,28,32.2
PQ010,D18S51,14,14
PQ010,Penta E,12,15
PQ010,D5S818,11,11
PQ010,D13S317,12,13
PQ010,D7S820,11,11
PQ010,D16S539,12,12
PQ010,CSF1PO,10,12
PQ010,Penta D,9,12
PQ010,AMEL,X,X
PQ010,vWA,17,17
PQ010,D8S1179,14,14
PQ010,TPOX,9,11
PQ010,FGA,OL,OL
PQ011,D3S1358,16,16
PQ011,TH01,6,7
PQ011,D21S11,30,32.2
PQ011,D18S51,12,14
PQ011,Penta E,7,19
PQ011,D5S818,7,13
PQ011,D13S317,9,12
PQ011,D7S820,8,11
PQ011,D16S539,9,11
PQ011,CSF1PO,10,10
PQ011,Penta D,11,14
PQ011,AMEL,X,X
PQ011,vWA,15,16
PQ011,D8S1179,11,12
PQ011,TPOX,8,8
PQ011,FGA,25,25
PQ012,D3S1358,15,18
PQ012,TH01,6,6
PQ012,D21S11,30,30
PQ012,D18S51,,
PQ012,Penta E,,
PQ012,D5S818,12,12
PQ012,D13S317,9,11
PQ012,D7S820,10,12
PQ012,D16S539,11,12
PQ012,CSF1PO,,
PQ012,Penta D,9,12
PQ012,vWA,17,17
PQ012,AMEL,X,X
PQ012,D8S1179,13,13
PQ012,TPOX,8,11
PQ012,FGA,17,22
PQ013,D3S1358,15,16
PQ013,TH01,7,9.3
PQ013,D21S11,28,31.2
PQ013,D18S51,12,14
PQ013,Penta E,15,17
PQ013,D5S818,11,11
PQ013,D13S317,12,14
PQ013,D7S820,10,11
PQ013,D16S539,9,9
PQ013,CSF1PO,9,11
PQ013,Penta D,9,10
PQ013,AMEL,X,X
PQ013,vWA,14,17
PQ013,D8S1179,14,14
PQ013,TPOX,8,12
PQ013,FGA,21,24
PQ015,D3S1358,15,18
PQ015,TH01,6,8
PQ015,D21S11,29,32.2
PQ015,D18S51,,
PQ015,Penta E,12,13
PQ015,D5S818,11,12
PQ015,D13S317,9,12
PQ015,D7S820,10,10
PQ015,D16S539,12,13
PQ015,CSF1PO,,
PQ015,Penta D,12,13
PQ015,AMEL,X,X
PQ015,vWA,16,17
PQ015,D8S1179,10,13
PQ015,TPOX,11,11
PQ015,FGA,22,26
PQ016,D3S1358,15,15
PQ016,TH01,6,7
PQ016,D21S11,28,31
PQ016,D18S51,13,17
PQ016,Penta E,18,19
PQ016,D5S818,7,11
PQ016,D13S317,11,11
PQ016,D7S820,10,11
PQ016,D16S539,10,12
PQ016,CSF1PO,11,12
PQ016,Penta D,10,10
PQ016,AMEL,X,Y
PQ016,vWA,16,18
PQ016,D8S1179,13,14
PQ016,TPOX,8,8
PQ016,FGA,19,26
PQ017,D3S1358,15,16
PQ017,TH01,6,7
PQ017,D21S11,32,32.2
PQ017,D18S51,,
PQ017,Penta E,7,22
PQ017,D5S818,11,11
PQ017,D13S317,12,12
PQ017,D7S820,8,11
PQ017,D16S539,11,14
PQ017,CSF1PO,,
PQ017,Penta D,11,12
PQ017,AMEL,X,X
PQ017,vWA,15,16
PQ017,D8S1179,12,13
PQ017,TPOX,11,11
PQ017,FGA,20,23
PQ018,D3S1358,15,17
PQ018,TH01,6,9
PQ018,D21S11,30,30
PQ018,D18S51,,
PQ018,Penta E,,
PQ018,D5S818,9,13
PQ018,D13S317,11,12
PQ018,D7S820,8,10
PQ018,D16S539,11,11
PQ018,CSF1PO,,
PQ018,Penta D,,
PQ018,AMEL,X,X
PQ018,vWA,16,17
PQ018,D8S1179,14,16
PQ018,TPOX,8,11
PQ018,FGA,21,24
PQ019,D3S1358,15,16
PQ019,TH01,6,6
PQ019,D21S11,32.2,32.2
PQ019,D18S51,,
PQ019,Penta E,5,12
PQ019,D5S818,11,12
PQ019,D13S317,11,12
PQ019,D7S820,8,8
PQ019,D16S539,11,13
PQ019,CSF1PO,,
PQ019,Penta D,9,10
PQ019,AMEL,X,X
PQ019,vWA,15,18
PQ019,D8S1179,13,14
PQ019,TPOX,8,9
PQ019,FGA,23,25
PQ020,D3S1358,16,18
PQ020,TH01,7,9.3
PQ020,D21S11,30,32.2
PQ020,D18S51,,
PQ020,Penta E,11,22
PQ020,D5S818,7,10
PQ020,D13S317,12,12
PQ020,D7S820,11,12
PQ020,D16S539,10,10
PQ020,CSF1PO,10,10
PQ020,Penta D,9,14
PQ020,AMEL,X,X
PQ020,vWA,17,18
PQ020,D8S1179,11,13
PQ020,TPOX,8,8
PQ020,FGA,24,25
PQ021,D3S1358,15,18
PQ021,TH01,6,7
PQ021,D21S11,29,30
PQ021,D18S51,13,18
PQ021,Penta E,7,12
PQ021,D5S818,11,12
PQ021,D13S317,11,12
PQ021,D7S820,10,11
PQ021,D16S539,12,12
PQ021,CSF1PO,12,12
PQ021,Penta D,10,11
PQ021,AMEL,X,Y
PQ021,vWA,16,17
PQ021,D8S1179,11,15
PQ021,TPOX,8,11
PQ021,FGA,17,20
PQ022,D3S1358,15,16
PQ022,TH01,8,9.3
PQ022,D21S11,29,30
PQ022,D18S51,,
PQ022,Penta E,11,17
PQ022,D5S818,9,11
PQ022,D13S317,9,13
PQ022,D7S820,10,12
PQ022,D16S539,11,13
PQ022,CSF1PO,10,10
PQ022,Penta D,11,13
PQ022,AMEL,X,X
PQ022,vWA,15,15
PQ022,D8S1179,13,14
PQ022,TPOX,11,11
PQ022,FGA,19,25
PQ023,D3S1358,15,15
PQ023,TH01,9,9.3
PQ023,D21S11,28,29
PQ023,D18S51,,
PQ023,Penta E,7,13
PQ023,D5S818,11,12
PQ023,D13S317,9,12
PQ023,D7S820,11,12
PQ023,D16S539,9,12
PQ023,CSF1PO,9,10
PQ023,Penta D,11,13
PQ023,AMEL,X,X
PQ023,vWA,16,16
PQ023,D8S1179,13,15
PQ023,TPOX,8,12
PQ023,FGA,25,27
PQ024,D3S1358,15,15
PQ024,TH01,7,9.3
PQ024,D21S11,30,32.2
PQ024,D18S51,,
PQ024,Penta E,,
PQ024,D5S818,7,11
PQ024,D13S317,9,10
PQ024,D7S820,9,11
PQ024,D16S539,11,13
PQ024,CSF1PO,,
PQ024,Penta D,9,12
PQ024,AMEL,X,X
PQ024,vWA,15,18
PQ024,D8S1179,12,15
PQ024,TPOX,11,12
PQ024,FGA,21,25
PQ025,D3S1358,14,18
PQ025,TH01,6,7
PQ025,D21S11,30,31.2
PQ025,D18S51,15,17
PQ025,Penta E,13,14
PQ025,D5S818,11,11
PQ025,D13S317,8,11
PQ025,D7S820,11,12
PQ025,D16S539,10,10
PQ025,CSF1PO,9,12
PQ025,Penta D,10,14
PQ025,AMEL,X,Y
PQ025,vWA,16,18
PQ025,D8S1179,12,13
PQ025,TPOX,8,11
PQ025,FGA,18,21
PQ026,D3S1358,15,18
PQ026,TH01,6,9
PQ026,D21S11,29,30
PQ026,D18S51,,
PQ026,Penta E,10,12
PQ026,D5S818,10,12
PQ026,D13S317,8,12
PQ026,D7S820,12,12
PQ026,D16S539,11,13
PQ026,CSF1PO,11,12
PQ026,Penta D,10,11
PQ026,AMEL,X,X
PQ026,vWA,16,20
PQ026,D8S1179,12,13
PQ026,TPOX,8,11
PQ026,FGA,21,25
PQ027,D3S1358,15,16
PQ027,TH01,6,6
PQ027,D21S11,32.2,33.2
PQ027,D18S51,,
PQ027,Penta E,,
PQ027,D5S818,11,11
PQ027,D13S317,8,8
PQ027,D7S820,9,11
PQ027,D16S539,9,11
PQ027,CSF1PO,,
PQ027,Penta D,10,13
PQ027,AMEL,X,X
PQ027,vWA,16,17
PQ027,D8S1179,14,15
PQ027,TPOX,8,11
PQ027,FGA,20,24
PQ028,D3S1358,14,17
PQ028,TH01,6,7
PQ028,D21S11,31.2,32.2
PQ028,D18S51,,
PQ028,Penta E,13,13
PQ028,D5S818,9,11
PQ028,D13S317,9,11
PQ028,D7S820,11,12
PQ028,D16S539,10,11
PQ028,CSF1PO,12,12
PQ028,Penta D,10,14
PQ028,AMEL,X,X
PQ028,vWA,17,18
PQ028,D8S1179,12,13
PQ028,TPOX,11,11
PQ028,FGA,18,24
PQ029,D3S1358,17,18
PQ029,TH01,7,9.3
PQ029,D21S11,28,32.2
PQ029,D18S51,14,23
PQ029,Penta E,11,12
PQ029,D5S818,11,11
PQ029,D13S317,12,12
PQ029,D7S820,11,13
PQ029,D16S539,9,12
PQ029,CSF1PO,10,11
PQ029,Penta D,10,10
PQ029,AMEL,X,X
PQ029,vWA,15,15
PQ029,D8S1179,13,14
PQ029,TPOX,9,11
PQ029,FGA,22,26
PQ030,D3S1358,17,18
PQ030,TH01,6,7
PQ030,D21S11,29,30
PQ030,D18S51,12,13
PQ030,Penta E,12,14
PQ030,D5S818,9,11
PQ030,D13S317,11,12
PQ030,D7S820,11,12
PQ030,D16S539,9,12
PQ030,CSF1PO,11,13
PQ030,Penta D,9,11
PQ030,AMEL,X,X
PQ030,vWA,16,17
PQ030,D8S1179,13,14
PQ030,TPOX,8,8
PQ030,FGA,22,24
PQ031,D3S1358,15,15
PQ031,TH01,7,9.3
PQ031,D21S11,31.2,32.2
PQ031,D18S51,,
PQ031,Penta E,17,19
PQ031,D5S818,7,13
PQ031,D13S317,12,14
PQ031,D7S820,12,12
PQ031,D16S539,11,13
PQ031,CSF1PO,12,12
PQ031,Penta D,9,11
PQ031,AMEL,X,Y
PQ031,vWA,16,18
PQ031,D8S1179,15,16
PQ031,TPOX,8,8
PQ031,FGA,19,24
PQ032,D3S1358,15,16
PQ032,TH01,7,9.3
PQ032,D21S11,30,31.2
PQ032,D18S51,,
PQ032,Penta E,12,16
PQ032,D5S818,12,12
PQ032,D13S317,8,12
PQ032,D7S820,11,11
PQ032,D16S539,12,12
PQ032,CSF1PO,,
PQ032,Penta D,10,11
PQ032,AMEL,X,X
PQ032,vWA,17,20
PQ032,D8S1179,10,13
PQ032,TPOX,8,12
PQ032,FGA,26,26
PQ033,D3S1358,15,18
PQ033,TH01,6,9.3
PQ033,D21S11,30,30
PQ033,D18S51,12,15
PQ033,Penta E,10,19
PQ033,D5S818,11,12
PQ033,D13S317,12,12
PQ033,D7S820,10,11
PQ033,D16S539,12,13
PQ033,CSF1PO,12,13
PQ033,Penta D,11,12
PQ033,AMEL,X,X
PQ033,vWA,14,17
PQ033,D8S1179,13,14
PQ033,TPOX,8,8
PQ033,FGA,23,24
PQ034,D3S1358,16,18
PQ034,TH01,7,9
PQ034,D21S11,30,30
PQ034,D18S51,14,14
PQ034,Penta E,15,16
PQ034,D5S818,13,13
PQ034,D13S317,10,11
PQ034,D7S820,10,12
PQ034,D16S539,12,13
PQ034,CSF1PO,11,13
PQ034,Penta D,2.2,13
PQ034,AMEL,X,X
PQ034,vWA,14,17
PQ034,D8S1179,11,12
PQ034,TPOX,8,8
PQ034,FGA,23,24
PQ035,TH01,7,10
PQ035,D3S1358,15,16
PQ035,D21S11,30,33.2
PQ035,Penta E,8,10
PQ035,D18S51,,
PQ035,D5S818,12,13
PQ035,D13S317,9,11
PQ035,D7S820,11,11
PQ035,D16S539,9,12
PQ035,Penta D,11,13
PQ035,CSF1PO,,
PQ035,AMEL,X,Y
PQ035,vWA,14,16
PQ035,D8S1179,13,14
PQ035,TPOX,11,11
PQ035,FGA,23,23
PQ036,D3S1358,16,18
PQ036,TH01,10,10
PQ036,D21S11,27,30
PQ036,D18S51,,
PQ036,Penta E,7,12
PQ036,D5S818,9,12
PQ036,D13S317,11,12
PQ036,D7S820,8,12
PQ036,D16S539,9,10
PQ036,CSF1PO,,
PQ036,Penta D,2.2,9
PQ036,AMEL,X,Y
PQ036,vWA,16,18
PQ036,D8S1179,14,15
PQ036,TPOX,8,9
PQ036,FGA,19,26
PQ037,D3S1358,15,18
PQ037,TH01,7,9
PQ037,D21S11,28,29
PQ037,D18S51,14,17
PQ037,Penta E,12,20
PQ037,D5S818,11,13
PQ037,D13S317,8,12
PQ037,D7S820,10,11
PQ037,D16S539,9,10
PQ037,CSF1PO,12,15
PQ037,Penta D,9,10
PQ037,AMEL,X,X
PQ037,vWA,15,18
PQ037,D8S1179,13,14
PQ037,TPOX,8,8
PQ037,FGA,25,25
PQ038,D3S1358,14,15
PQ038,TH01,7,7
PQ038,D21S11,29,31.2
PQ038,D18S51,14,18
PQ038,Penta E,12,18
PQ038,D5S818,11,11
PQ038,D13S317,9,14
PQ038,D7S820,9,11
PQ038,D16S539,11,12
PQ038,CSF1PO,10,10
PQ038,Penta D,11,13
PQ038,AMEL,X,X
PQ038,vWA,16,16
PQ038,D8S1179,11,12
PQ038,TPOX,8,11
PQ038,FGA,23,24
PQ039,D3S1358,15,15
PQ039,TH01,6,6
PQ039,D21S11,29,29
PQ039,D18S51,,
PQ039,Penta E,14,17
PQ039,D5S818,7,11
PQ039,D13S317,9,13
PQ039,D7S820,11,11
PQ039,D16S539,9,14
PQ039,CSF1PO,,
PQ039,Penta D,10,11
PQ039,AMEL,X,X
PQ039,vWA,18,18
PQ039,D8S1179,13,14
PQ039,TPOX,8,8
PQ039,FGA,21,21
PQ040,D3S1358,15,15
PQ040,TH01,7,9.3
PQ040,D21S11,29,31.2
PQ040,D18S51,15,17
PQ040,Penta E,7,20
PQ040,D5S818,12,12
PQ040,D13S317,9,11
PQ040,D7S820,10,11
PQ040,D16S539,12,12
PQ040,CSF1PO,10,11
PQ040,Penta D,7,10
PQ040,AMEL,X,X
PQ040,vWA,14,15
PQ040,D8S1179,13,13
PQ040,TPOX,8,11
PQ040,FGA,23,24
PQ041,D3S1358,15,16
PQ041,TH01,6,OL
PQ041,D21S11,30,30
PQ041,D18S51,13,15
PQ041,Penta E,10,15
PQ041,D5S818,11,12
PQ041,D13S317,9,12
PQ041,D7S820,11,14
PQ041,D16S539,12,13
PQ041,CSF1PO,11,11
PQ041,Penta D,9,13
PQ041,AMEL,X,Y
PQ041,vWA,16,17
PQ041,D8S1179,14,16
PQ041,TPOX,8,11
PQ041,FGA,20,24
PQ042,D3S1358,15,15
PQ042,TH01,8,9
PQ042,D21S11,32,32.2
PQ042,D18S51,,
PQ042,Penta E,12,14
PQ042,D5S818,10,12
PQ042,D13S317,12,12
PQ042,D7S820,10,11
PQ042,D16S539,9,11
PQ042,CSF1PO,10,10
PQ042,Penta D,10,10
PQ042,AMEL,X,X
PQ042,vWA,15,16
PQ042,D8S1179,10,13
PQ042,TPOX,8,8
PQ042,FGA,19,19
PQ043,D3S1358,16,17
PQ043,TH01,6,9.3
PQ043,D21S11,29,31.2
PQ043,D18S51,14,24
PQ043,Penta E,17,19
PQ043,D5S818,11,13
PQ043,D13S317,11,12
PQ043,D7S820,12,12
PQ043,D16S539,11,11
PQ043,CSF1PO,9,11
PQ043,Penta D,9,9
PQ043,AMEL,X,X
PQ043,vWA,17,18
PQ043,D8S1179,13,14
PQ043,TPOX,9,11
PQ043,FGA,19,24
PQ044,TH01,8,9.3
PQ044,D3S1358,16,18
PQ044,D21S11,32.2,32.2
PQ044,Penta E,14,16
PQ044,D18S51,15,17
PQ044,D5S818,11,12
PQ044,D13S317,10,12
PQ044,D7S820,10,11
PQ044,D16S539,11,12
PQ044,Penta D,9,13
PQ044,CSF1PO,10,11
PQ044,AMEL,X,X
PQ044,vWA,16,16
PQ044,D8S1179,13,13
PQ044,TPOX,8,8
PQ044,FGA,24,25
PQ045,D3S1358,15,18
PQ045,TH01,7,7
PQ045,D21S11,32,32.2
PQ045,D18S51,13,17
PQ045,Penta E,15,19
PQ045,D5S818,9,11
PQ045,D13S317,11,12
PQ045,D7S820,10,10
PQ045,D16S539,10,11
PQ045,CSF1PO,11,13
PQ045,Penta D,11,13
PQ045,AMEL,X,X
PQ045,vWA,15,18
PQ045,D8S1179,13,15
PQ045,TPOX,8,11
PQ045,FGA,26,29
PQ046,D3S1358,14,16
PQ046,TH01,6,6
PQ046,D21S11,30,30.2
PQ046,D18S51,,
PQ046,Penta E,14,15
PQ046,D5S818,11,12
PQ046,D13S317,9,12
PQ046,D7S820,10,11
PQ046,D16S539,12,12
PQ046,CSF1PO,,
PQ046,Penta D,11,13
PQ046,AMEL,X,Y
PQ046,vWA,16,19
PQ046,D8S1179,11,13
PQ046,TPOX,8,9
PQ046,FGA,20,21
PQ047,D3S1358,16,17
PQ047,TH01,6,9.3
PQ047,D21S11,30,32.2
PQ047,D18S51,,
PQ047,Penta E,12,20
PQ047,D5S818,11,13
PQ047,D13S317,14,14
PQ047,D7S820,10,10
PQ047,D16S539,10,12
PQ047,CSF1PO,,
PQ047,Penta D,12,13
PQ047,AMEL,X,X
PQ047,vWA,16,16
PQ047,D8S1179,12,13
PQ047,TPOX,8,8
PQ047,FGA,21,22
PQ048,D3S1358,16,16
PQ048,TH01,6,6
PQ048,D21S11,33.2,33.2
PQ048,D18S51,18,24
PQ048,Penta E,9,19
PQ048,D5S818,9,11
PQ048,D13S317,9,12
PQ048,D7S820,8,12
PQ048,D16S539,11,11
PQ048,CSF1PO,9,9
PQ048,Penta D,9,10
PQ048,AMEL,X,X
PQ048,vWA,14,17
PQ048,D8S1179,14,15
PQ048,TPOX,8,9
PQ048,FGA,20,24
PQ049,D3S1358,,
PQ049,TH01,9.3,9.3
PQ049,D21S11,30,31.2
PQ049,D18S51,,
PQ049,Penta E,,
PQ049,D5S818,11,13
PQ049,D13S317,12,12
PQ049,D7S820,10,12
PQ049,D16S539,,
PQ049,CSF1PO,,
PQ049,Penta D,12,12
PQ049,AMEL,X,X
PQ049,vWA,14,17
PQ049,D8S1179,13,13
PQ049,TPOX,8,8
PQ049,FGA,20,26
PQ050,D3S1358,16,16
PQ050,TH01,6,7
PQ050,D21S11,28,31.2
PQ050,D18S51,,
PQ050,Penta E,7,10
PQ050,D5S818,11,11
PQ050,D13S317,9,12
PQ050,D7S820,11,11
PQ050,D16S539,12,13
PQ050,CSF1PO,,
PQ050,Penta D,9,11
PQ050,AMEL,X,X
PQ050,vWA,17,17
PQ050,D8S1179,14,15
PQ050,TPOX,8,11
PQ050,FGA,25,27
PQ051,D3S1358,15,15
PQ051,TH01,7,8
PQ051,D21S11,30.2,32.2
PQ051,D18S51,,
PQ051,Penta E,16,19
PQ051,D5S818,7,7
PQ051,D13S317,12,13
PQ051,D7S820,9,9
PQ051,D16S539,9,13
PQ051,CSF1PO,,
PQ051,Penta D,10,12
PQ051,AMEL,X,X
PQ051,vWA,16,19
PQ051,D8S1179,10,12
PQ051,TPOX,9,11
PQ051,FGA,20,24
PQ052,D3S1358,16,16
PQ052,TH01,6,6
PQ052,D21S11,29,30
PQ052,D18S51,14,14
PQ052,Penta E,15,19
PQ052,D5S818,7,12
PQ052,D13S317,10,12
PQ052,D7S820,11,13
PQ052,D16S539,9,13
PQ052,CSF1PO,,
PQ052,Penta D,12,13
PQ052,AMEL,X,X
PQ052,vWA,15,18
PQ052,D8S1179,14,16
PQ052,TPOX,8,11
PQ052,FGA,21,24
PQ053,D3S1358,15,15
PQ053,TH01,6,9.3
PQ053,D21S11,30,31
PQ053,D18S51,,
PQ053,Penta E,7,13
PQ053,D5S818,11,12
PQ053,D13S317,10,12
PQ053,D7S820,10,10
PQ053,D16S539,10,12
PQ053,CSF1PO,9,12
PQ053,Penta D,9,9
PQ053,AMEL,X,Y
PQ053,vWA,14,17
PQ053,D8S1179,12,13
PQ053,TPOX,8,12
PQ053,FGA,24,27
PQ054,D3S1358,16,17
PQ054,TH01,7,7
PQ054,D21S11,29,32.2
PQ054,D18S51,13,13
PQ054,Penta E,12,12
PQ054,D5S818,9,13
PQ054,D13S317,11,13
PQ054,D7S820,9,10
PQ054,D16S539,9,12
PQ054,CSF1PO,10,12
PQ054,Penta D,9,12
PQ054,AMEL,X,Y
PQ054,vWA,14,17
PQ054,D8S1179,12,14
PQ054,TPOX,11,11
PQ054,FGA,21,25
PQ055,D3S1358,16,16
PQ055,TH01,7,9
PQ055,D21S11,28,29
PQ055,D18S51,12,13
PQ055,Penta E,5,8
PQ055,D5S818,11,13
PQ055,D13S317,9,14
PQ055,D7S820,10,12
PQ055,D16S539,11,12
PQ055,CSF1PO,10,11
PQ055,Penta D,8,9
PQ055,AMEL,X,Y
PQ055,vWA,16,17
PQ055,D8S1179,10,12
PQ055,TPOX,8,8
PQ055,FGA,20,22
PQ056,D3S1358,17,17
PQ056,TH01,6,6
PQ056,D21S11,28,28
PQ056,D18S51,,
PQ056,Penta E,12,15
PQ056,D5S818,12,13
PQ056,D13S317,8,12
PQ056,D7S820,9,11
PQ056,D16S539,9,10
PQ056,CSF1PO,11,12
PQ056,Penta D,11,12
PQ056,AMEL,X,X
PQ056,vWA,17,18
PQ056,D8S1179,14,14
PQ056,TPOX,8,11
PQ056,FGA,21,24
PQ057,D3S1358,16,18
PQ057,TH01,6,9.3
PQ057,D21S11,30,32.2
PQ057,D18S51,14,17
PQ057,Penta E,7,10
PQ057,D5S818,11,11
PQ057,D13S317,8,9
PQ057,D7S820,11,12
PQ057,D16S539,11,12
PQ057,CSF1PO,9,12
PQ057,Penta D,10,13
PQ057,AMEL,X,Y
PQ057,vWA,16,17
PQ057,D8S1179,11,14
PQ057,TPOX,8,11
PQ057,FGA,22,24
RP001,D3S1358,14,15
RP001,TH01,6,6
RP001,D21S11,31.2,32.2
RP001,D18S51,,
RP001,Penta E,5,15
RP001,D5S818,12,13
RP001,D13S317,9,13
RP001,D7S820,10,12
RP001,D16S539,9,13
RP001,CSF1PO,11,11
RP001,Penta D,9,14
RP001,AMEL,X,Y
RP001,vWA,16,18
RP001,D8S1179,11,13
RP001,TPOX,8,8
RP001,FGA,21,26
RP002,D3S1358,14,17
RP002,TH01,7,9.3
RP002,D21S11,33.2,33.2
RP002,D18S51,13,13
RP002,Penta E,13,19
RP002,D5S818,9,13
RP002,D13S317,10,13
RP002,D7S820,12,12
RP002,D16S539,12,13
RP002,CSF1PO,,
RP002,Penta D,9,11
RP002,AMEL,X,Y
RP002,vWA,16,17
RP002,D8S1179,13,13
RP002,TPOX,8,8
RP002,FGA,21,22
RP003,D3S1358,15,18
RP003,TH01,6,6
RP003,D21S11,30,32.2
RP003,D18S51,,
RP003,Penta E,,
RP003,D5S818,10,12
RP003,D13S317,13,14
RP003,D7S820,10,12
RP003,D16S539,12,13
RP003,CSF1PO,,
RP003,Penta D,9,9
RP003,AMEL,X,Y
RP003,vWA,16,19
RP003,D8S1179,11,13
RP003,TPOX,8,8
RP003,FGA,21,26
RP004,D3S1358,15,16
RP004,TH01,6,7
RP004,D21S11,29,32.2
RP004,D18S51,,
RP004,Penta E,16,16
RP004,D5S818,11,14
RP004,D13S317,8,12
RP004,D7S820,8,10
RP004,D16S539,11,13
RP004,CSF1PO,,
RP004,Penta D,9,12
RP004,AMEL,X,X
RP004,vWA,14,17
RP004,D8S1179,12,12
RP004,TPOX,8,8
RP004,FGA,22,23
RP005,D3S1358,14,17
RP005,TH01,6,7
RP005,D21S11,30,32
RP005,D18S51,,
RP005,Penta E,,
RP005,D5S818,13,13
RP005,D13S317,9,14
RP005,D7S820,10,11
RP005,D16S539,10,11
RP005,CSF1PO,,
RP005,Penta D,11,11
RP005,AMEL,X,X
RP005,vWA,17,18
RP005,D8S1179,10,15
RP005,TPOX,11,11
RP005,FGA,20,21
RP006,D3S1358,15,15
RP006,TH01,6,7
RP006,D21S11,30,31
RP006,D18S51,,
RP006,Penta E,,
RP006,D5S818,9,12
RP006,D13S317,11,13
RP006,D7S820,11,12
RP006,D16S539,11,13
RP006,CSF1PO,,
RP006,Penta D,11,12
RP006,AMEL,X,Y
RP006,vWA,16,18
RP006,D8S1179,13,14
RP006,TPOX,11,11
RP006,FGA,23,26
RP007,D3S1358,16,16
RP007,TH01,6,6
RP007,D21S11,30,32.2
RP007,D18S51,14,14
RP007,Penta E,12,18
RP007,D5S818,11,12
RP007,D13S317,11,13
RP007,D7S820,10,10
RP007,D16S539,10,14
RP007,CSF1PO,12,12
RP007,Penta D,11,12
RP007,AMEL,X,Y
RP007,vWA,15,15
RP007,D8S1179,10,13
RP007,TPOX,8,11
RP007,FGA,20,26
RP008,D3S1358,15,17
RP008,TH01,6,7
RP008,D21S11,29,32.2
RP008,D18S51,16,16
RP008,Penta E,16,21
RP008,D5S818,11,11
RP008,D13S317,8,12
RP008,D7S820,8,10
RP008,D16S539,10,11
RP008,CSF1PO,,
RP008,Penta D,9,13
RP008,AMEL,X,Y
RP008,vWA,15,17
RP008,D8S1179,12,13
RP008,TPOX,8,8
RP008,FGA,23,23
RP009,D3S1358,14,15
RP009,TH01,7,9.3
RP009,D21S11,29,32.2
RP009,D18S51,,
RP009,Penta E,13,13
RP009,D5S818,12,13
RP009,D13S317,9,12
RP009,D7S820,9,10
RP009,D16S539,9,12
RP009,CSF1PO,,
RP009,Penta D,9,10
RP009,AMEL,X,Y
RP009,vWA,16,18
RP009,D8S1179,12,15
RP009,TPOX,8,8
RP009,FGA,25,25
RP010,D3S1358,15,15
RP010,TH01,6,7
RP010,D21S11,31,32.2
RP010,D18S51,12,14
RP010,Penta E,20,22
RP010,D5S818,8,11
RP010,D13S317,11,12
RP010,D7S820,9,11
RP010,D16S539,9,10
RP010,CSF1PO,11,13
RP010,Penta D,10,12
RP010,AMEL,X,Y
RP010,vWA,16,17
RP010,D8S1179,8,15
RP010,TPOX,8,11
RP010,FGA,26,26
RP011,D3S1358,15,15
RP011,TH01,6,6
RP011,D21S11,29,32.2
RP011,D18S51,18,21
RP011,Penta E,12,17
RP011,D5S818,11,11
RP011,D13S317,11,12
RP011,D7S820,11,11
RP011,D16S539,11,12
RP011,CSF1PO,11,12
RP011,Penta D,7,9
RP011,AMEL,X,X
RP011,vWA,16,19
RP011,D8S1179,11,14
RP011,TPOX,8,9
RP011,FGA,20,21
RP012,D3S1358,13,15
RP012,TH01,6,7
RP012,D21S11,29,31
RP012,D18S51,17,19
RP012,Penta E,15,19
RP012,D5S818,11,12
RP012,D13S317,11,14
RP012,D7S820,7,11
RP012,D16S539,11,13
RP012,CSF1PO,10,10
RP012,Penta D,9,12
RP012,AMEL,X,Y
RP012,vWA,14,16
RP012,D8S1179,8,11
RP012,TPOX,8,11
RP012,FGA,19,26
RP013,D3S1358,14,15
RP013,TH01,6,6
RP013,D21S11,29,32
RP013,D18S51,,
RP013,Penta E,12,12
RP013,D5S818,11,13
RP013,D13S317,11,12
RP013,D7S820,11,11
RP013,D16S539,11,11
RP013,CSF1PO,,
RP013,Penta D,7,11
RP013,AMEL,X,Y
RP013,vWA,16,19
RP013,D8S1179,13,14
RP013,TPOX,8,8
RP013,FGA,21,23
AS,D3S1358,15,15
AS,TH01,7,9.3
AS,D21S11,31.2,32.2
AS,D18S51,17,19
AS,Penta E,12,16.2
AS,D5S818,11,14
AS,D13S317,9,11
AS,D7S820,9,12
AS,D16S539,9,12
AS,CSF1PO,11,11
AS,Penta D,9,10
AS,AMEL,X,Y
AS,vWA,16,17
AS,D8S1179,14,14
AS,TPOX,12,12
AS,FGA,24,26
JG,D3S1358,15,16
JG,TH01,6,7
JG,D21S11,30,30
JG,D18S51,13,17
JG,Penta E,7,12
JG,D5S818,11,11
JG,D13S317,8,12
JG,D7S820,10,11
JG,D16S539,9,11
JG,CSF1PO,11,12
JG,Penta D,9,9
JG,AMEL,X,X
JG,vWA,15,16
JG,D8S1179,10,12
JG,TPOX,9,12
JG,FGA,23,26
MR,D3S1358,14,16
MR,TH01,6,8
MR,D21S11,30,31.2
MR,D18S51,14,15
MR,Penta E,5,15
MR,D5S818,11,13
MR,D13S317,9,14
MR,D7S820,9,11
MR,D16S539,9,13
MR,CSF1PO,10,10
MR,Penta D,9,9
MR,AMEL,X,X
MR,vWA,16,16
MR,D8S1179,12,13
MR,TPOX,8,11
MR,FGA,23,24
VG,D3S1358,16,16
VG,TH01,7,9.3
VG,D21S11,33.2,33.2
VG,D18S51,15,17
VG,Penta E,7,12
VG,D5S818,12,13
VG,D13S317,11,12
VG,D7S820,10,10
VG,D16S539,9,11
VG,CSF1PO,9,10
VG,Penta D,9,11
VG,AMEL,X,X
VG,vWA,14,14
VG,D8S1179,13,13
VG,TPOX,8,11
VG,FGA,23,25