ind,pop,D3S1358,D3S1358,TH01,TH01,D21S11,D21S11,D18S51,D18S51,Penta_E,Penta_E,D5S818,D5S818,D13S317,D13S317,D7S820,D7S820,D16S539,D16S539,CSF1PO,CSF1PO,Penta_D,Penta_D,vWA,vWA,D8S1179,D8S1179,TPOX,TPOX,FGA,FGA
DV001,EL DIVISADERO,16,16,07,09,30,32,17,17,13,14,12,12,09,13,11,12,12,12,11,11,09,10,16,16,10,13,10,11,24,25
DV002,EL DIVISADERO,14,16,09,09,29,32,14,16,15,15,07,11,09,12,11,11,11,12,10,12,09,12,16,18,14,15,08,11,21,25
DV003,EL DIVISADERO,15,16,06,09,29,32,14,16,13,15,11,11,08,12,11,14,09,12,11,12,09,12,17,18,14,15,08,11,19,21
DV004,EL DIVISADERO,15,18,09,09,30,33,17,19,15,15,07,07,11,13,08,11,10,12,11,13,09,09,17,18,12,15,08,11,21,25
DV005,EL DIVISADERO,14,15,07,07,29,32,15,15,17,17,09,10,12,12,08,11,12,13,10,12,02,10,16,17,14,14,08,08,21,23
DV006,EL DIVISADERO,15,16,09,09,29,33,12,14,08,10,11,12,09,13,11,13,12,12,10,11,09,13,15,16,10,13,08,11,24,25
DV007,EL DIVISADERO,16,16,07,09,30,32,12,14,07,12,11,13,08,09,11,12,09,10,11,12,09,09,16,17,12,14,08,08,21,21
EA001,EL ALTAR,16,17,07,09,25,29,14,16,05,08,11,11,09,12,07,11,09,10,10,11,09,14,17,18,13,15,08,08,20,22
EA002,EL ALTAR,16,16,06,07,31,32,14,16,19,19,11,11,08,11,11,12,11,12,12,12,14,14,16,19,12,12,08,08,23,26
EA003,EL ALTAR,15,15,06,07,30,32,15,16,07,12,11,13,09,09,09,12,11,13,10,11,10,11,16,17,10,12,08,11,19,25
EA004,EL ALTAR,17,17,07,07,28,32,00,00,00,00,11,12,09,10,11,12,09,12,00,00,12,12,18,18,10,15,08,11,22,22
EA005,EL ALTAR,16,17,07,07,29,30,16,16,11,12,13,13,11,13,11,11,10,10,10,12,12,12,17,17,14,15,09,11,21,23
EA006,EL ALTAR,16,16,06,07,28,28,00,00,07,09,11,12,11,11,11,11,12,12,11,11,12,13,15,16,12,12,11,11,25,27
EA007,EL ALTAR,14,16,07,09,25,32,00,00,12,12,12,12,09,14,11,12,11,12,10,12,10,10,16,17,11,12,10,11,20,25
EA008,EL ALTAR,16,16,06,07,28,32,15,15,07,14,12,12,09,11,11,13,12,12,11,12,11,13,15,15,10,12,08,11,22,27
EA009,EL ALTAR,14,16,07,08,27,30,13,17,13,14,11,13,12,12,10,11,09,09,12,13,11,12,16,16,13,15,08,08,19,21
EA010,EL ALTAR,15,16,07,09,28,32,00,00,11,16,11,12,09,11,11,12,10,11,00,00,10,11,15,18,14,15,08,12,18,24
EA011,EL ALTAR,15,15,06,09,31,32,14,16,17,19,07,12,08,10,10,12,09,11,10,12,11,12,16,16,11,12,08,11,21,25
EA012,EL ALTAR,16,17,07,09,29,30,14,16,13,14,09,12,11,12,11,13,11,13,11,13,07,15,18,19,12,14,08,08,22,22
MQ001,MANQUEHUA,15,16,07,07,30,32,12,17,10,16,10,11,09,09,11,11,09,12,11,12,10,11,17,20,12,12,08,11,21,21
MQ002,MANQUEHUA,15,16,06,07,31,33,15,24,17,19,11,12,09,11,10,12,11,11,09,12,09,10,17,17,13,14,09,12,19,24
MQ003,MANQUEHUA,16,16,07,07,29,30,14,14,12,20,12,13,09,14,08,12,10,11,11,12,11,12,16,16,13,14,08,11,22,23
MQ004,MANQUEHUA,15,16,06,06,30,32,12,14,11,12,13,13,09,12,08,12,09,12,11,12,11,12,16,19,14,16,08,08,20,20
MQ005,MANQUEHUA,15,15,07,09,30,30,16,18,05,12,11,13,10,10,11,14,09,12,09,12,09,13,15,16,14,15,08,11,21,26
MQ006,MANQUEHUA,16,16,06,07,30,31,12,13,11,12,07,07,08,11,11,12,12,13,11,11,09,11,17,18,10,15,08,12,19,24
MQ007,MANQUEHUA,16,17,07,09,32,32,14,16,15,15,13,13,12,13,11,12,10,14,11,13,09,09,15,16,13,14,08,11,19,21
MQ008,MANQUEHUA,15,16,09,09,28,29,14,16,12,12,11,13,12,13,09,11,10,11,11,12,09,11,15,18,14,15,08,11,20,23
MQ009,MANQUEHUA,15,16,07,09,30,31,13,14,09,16,09,11,12,12,11,11,09,10,12,12,09,11,15,17,11,14,09,11,25,25
MQ010,MANQUEHUA,15,17,06,07,30,30,18,21,12,15,12,12,10,11,10,12,11,11,10,11,10,10,16,16,14,15,08,08,24,26
MQ011,MANQUEHUA,15,15,07,09,31,31,13,14,11,13,11,11,11,11,11,12,11,11,10,12,09,10,18,18,12,12,11,11,24,25
MQ012,MANQUEHUA,15,16,07,09,28,32,17,17,13,14,12,12,10,12,08,13,10,11,11,13,09,12,16,17,11,14,08,11,19,25
MQ013,MANQUEHUA,16,17,09,09,30,32,12,14,15,15,07,11,11,11,10,12,09,10,12,12,10,11,15,16,12,13,12,12,21,23
MQ014,MANQUEHUA,14,16,07,09,31,33,12,17,11,15,10,11,09,10,10,10,10,11,10,10,12,13,18,18,14,15,11,13,26,28
MQ015,MANQUEHUA,17,17,07,08,28,29,13,16,07,07,10,12,09,11,11,12,12,12,09,12,10,11,15,16,13,13,10,11,20,22
MQ016,MANQUEHUA,15,16,06,09,29,31,12,13,12,15,11,12,08,13,07,11,11,13,09,10,12,12,18,19,08,13,11,11,20,26
MQ017,MANQUEHUA,14,15,09,10,28,30,14,14,13,14,11,11,09,14,11,11,12,12,10,12,09,13,15,16,13,14,08,12,20,25
MQ018,MANQUEHUA,15,16,07,09,28,29,00,00,11,12,07,13,11,11,09,10,09,12,00,00,10,11,16,17,14,14,11,11,19,21
MQ019,MANQUEHUA,15,16,06,07,29,32,14,15,12,20,11,11,11,13,10,10,10,10,11,12,09,12,16,18,13,14,11,12,20,25
MQ020,MANQUEHUA,15,16,06,07,28,30,14,16,00,00,11,13,08,14,12,12,09,09,10,11,10,10,16,18,14,14,08,11,23,25
MQ021,MANQUEHUA,15,16,06,09,28,30,00,00,00,00,11,11,09,12,10,12,10,12,00,00,09,10,17,19,13,15,08,12,24,26
MQ022,MANQUEHUA,15,18,06,06,32,32,14,17,12,16,09,10,09,10,10,11,11,12,10,12,09,13,16,18,12,14,08,09,23,28
PQ001,PUNITAQUI,14,17,09,09,29,33,00,00,16,19,11,13,08,12,09,11,12,12,00,00,10,12,16,16,14,14,08,08,24,25
PQ002,PUNITAQUI,15,18,06,09,29,32,15,16,11,15,12,12,09,14,10,11,09,10,10,12,12,12,17,19,10,12,08,11,21,22
PQ003,PUNITAQUI,14,17,06,09,31,32,18,19,07,17,11,12,09,11,10,10,11,12,11,12,10,13,14,17,12,13,10,11,19,23
PQ004,PUNITAQUI,15,18,06,07,28,29,14,14,12,14,11,11,09,14,11,11,12,12,09,10,09,13,15,16,13,14,08,12,20,27
PQ005,PUNITAQUI,15,18,09,09,31,32,13,14,12,18,07,12,08,14,12,12,11,13,10,12,11,13,17,17,13,16,08,08,21,23
PQ006,PUNITAQUI,15,18,06,09,30,33,14,15,12,15,12,13,08,11,10,12,10,11,09,10,10,10,15,16,10,14,08,12,25,26
PQ007,PUNITAQUI,15,17,06,09,30,33,00,00,16,18,10,13,09,14,11,12,09,10,00,00,10,10,17,17,11,13,08,08,21,24
PQ008,PUNITAQUI,15,16,07,08,28,30,00,00,07,11,11,12,09,09,09,12,11,13,11,12,09,09,16,18,13,14,10,12,19,24
PQ009,PUNITAQUI,16,17,08,08,29,32,15,15,10,12,11,12,08,12,09,10,09,12,09,10,10,13,15,17,10,11,11,11,22,26
PQ010,PUNITAQUI,14,15,06,10,28,32,14,14,12,15,11,11,12,13,11,11,12,12,10,12,09,12,17,17,14,14,09,11,00,00
PQ011,PUNITAQUI,16,16,06,07,30,32,12,14,07,19,07,13,09,12,08,11,09,11,10,10,11,14,15,16,11,12,08,08,25,25
PQ012,PUNITAQUI,15,18,06,06,30,30,00,00,00,00,12,12,09,11,10,12,11,12,00,00,09,12,17,17,13,13,08,11,17,22
PQ013,PUNITAQUI,15,16,07,09,28,31,12,14,15,17,11,11,12,14,10,11,09,09,09,11,09,10,14,17,14,14,08,12,21,24
PQ015,PUNITAQUI,15,18,06,08,29,32,00,00,12,13,11,12,09,12,10,10,12,13,00,00,12,13,16,17,10,13,11,11,22,26
PQ016,PUNITAQUI,15,15,06,07,28,31,13,17,18,19,07,11,11,11,10,11,10,12,11,12,10,10,16,18,13,14,08,08,19,26
PQ017,PUNITAQUI,15,16,06,07,32,32,00,00,07,22,11,11,12,12,08,11,11,14,00,00,11,12,15,16,12,13,11,11,20,23
PQ018,PUNITAQUI,15,17,06,09,30,30,00,00,00,00,09,13,11,12,08,10,11,11,00,00,00,00,16,17,14,16,08,11,21,24
PQ019,PUNITAQUI,15,16,06,06,32,32,00,00,05,12,11,12,11,12,08,08,11,13,00,00,09,10,15,18,13,14,08,09,23,25
PQ020,PUNITAQUI,16,18,07,09,30,32,00,00,11,22,07,10,12,12,11,12,10,10,10,10,09,14,17,18,11,13,08,08,24,25
PQ021,PUNITAQUI,15,18,06,07,29,30,13,18,07,12,11,12,11,12,10,11,12,12,12,12,10,11,16,17,11,15,08,11,17,20
PQ022,PUNITAQUI,15,16,08,09,29,30,00,00,11,17,09,11,09,13,10,12,11,13,10,10,11,13,15,15,13,14,11,11,19,25
PQ023,PUNITAQUI,15,15,09,09,28,29,00,00,07,13,11,12,09,12,11,12,09,12,09,10,11,13,16,16,13,15,08,12,25,27
PQ024,PUNITAQUI,15,15,07,09,30,32,00,00,00,00,07,11,09,10,09,11,11,13,00,00,09,12,15,18,12,15,11,12,21,25
PQ025,PUNITAQUI,14,18,06,07,30,31,15,17,13,14,11,11,08,11,11,12,10,10,09,12,10,14,16,18,12,13,08,11,18,21
PQ026,PUNITAQUI,15,18,06,09,29,30,00,00,10,12,10,12,08,12,12,12,11,13,11,12,10,11,16,20,12,13,08,11,21,25
PQ027,PUNITAQUI,15,16,06,06,32,33,00,00,00,00,11,11,08,08,09,11,09,11,00,00,10,13,16,17,14,15,08,11,20,24
PQ028,PUNITAQUI,14,17,06,07,31,32,00,00,13,13,09,11,09,11,11,12,10,11,12,12,10,14,17,18,12,13,11,11,18,24
PQ029,PUNITAQUI,17,18,07,09,28,32,14,23,11,12,11,11,12,12,11,13,09,12,10,11,10,10,15,15,13,14,09,11,22,26
PQ030,PUNITAQUI,17,18,06,07,29,30,12,13,12,14,09,11,11,12,11,12,09,12,11,13,09,11,16,17,13,14,08,08,22,24
PQ031,PUNITAQUI,15,15,07,09,31,32,00,00,17,19,07,13,12,14,12,12,11,13,12,12,09,11,16,18,15,16,08,08,19,24
PQ032,PUNITAQUI,15,16,07,09,30,31,00,00,12,16,12,12,08,12,11,11,12,12,00,00,10,11,17,20,10,13,08,12,26,26
PQ033,PUNITAQUI,15,18,06,09,30,30,12,15,10,19,11,12,12,12,10,11,12,13,12,13,11,12,14,17,13,14,08,08,23,24
PQ034,PUNITAQUI,16,18,07,09,30,30,14,14,15,16,13,13,10,11,10,12,12,13,11,13,02,13,14,17,11,12,08,08,23,24
PQ035,PUNITAQUI,15,16,07,10,30,33,00,00,08,10,12,13,09,11,11,11,09,12,00,00,11,13,14,16,13,14,11,11,23,23
PQ036,PUNITAQUI,16,18,10,10,27,30,00,00,07,12,09,12,11,12,08,12,09,10,00,00,02,09,16,18,14,15,08,09,19,26
PQ037,PUNITAQUI,15,18,07,09,28,29,14,17,12,20,11,13,08,12,10,11,09,10,12,15,09,10,15,18,13,14,08,08,25,25
PQ038,PUNITAQUI,14,15,07,07,29,31,14,18,12,18,11,11,09,14,09,11,11,12,10,10,11,13,16,16,11,12,08,11,23,24
PQ039,PUNITAQUI,15,15,06,06,29,29,00,00,14,17,07,11,09,13,11,11,09,14,00,00,10,11,18,18,13,14,08,08,21,21
PQ040,PUNITAQUI,15,15,07,09,29,31,15,17,07,20,12,12,09,11,10,11,12,12,10,11,07,10,14,15,13,13,08,11,23,24
PQ041,PUNITAQUI,15,16,06,00,30,30,13,15,10,15,11,12,09,12,11,14,12,13,11,11,09,13,16,17,14,16,08,11,20,24
PQ042,PUNITAQUI,15,15,08,09,32,32,00,00,12,14,10,12,12,12,10,11,09,11,10,10,10,10,15,16,10,13,08,08,19,19
PQ043,PUNITAQUI,16,17,06,09,29,31,14,24,17,19,11,13,11,12,12,12,11,11,09,11,09,09,17,18,13,14,09,11,19,24
PQ044,PUNITAQUI,16,18,08,09,32,32,15,17,14,16,11,12,10,12,10,11,11,12,10,11,09,13,16,16,13,13,08,08,24,25
PQ045,PUNITAQUI,15,18,07,07,32,32,13,17,15,19,09,11,11,12,10,10,10,11,11,13,11,13,15,18,13,15,08,11,26,29
PQ046,PUNITAQUI,14,16,06,06,30,30,00,00,14,15,11,12,09,12,10,11,12,12,00,00,11,13,16,19,11,13,08,09,20,21
PQ047,PUNITAQUI,16,17,06,09,30,32,00,00,12,20,11,13,14,14,10,10,10,12,00,00,12,13,16,16,12,13,08,08,21,22
PQ048,PUNITAQUI,16,16,06,06,33,33,18,24,09,19,09,11,09,12,08,12,11,11,09,09,09,10,14,17,14,15,08,09,20,24
PQ049,PUNITAQUI,00,00,09,09,30,31,00,00,00,00,11,13,12,12,10,12,00,00,00,00,12,12,14,17,13,13,08,08,20,26
PQ050,PUNITAQUI,16,16,06,07,28,31,00,00,07,10,11,11,09,12,11,11,12,13,00,00,09,11,17,17,14,15,08,11,25,27
PQ051,PUNITAQUI,15,15,07,08,30,32,00,00,16,19,07,07,12,13,09,09,09,13,00,00,10,12,16,19,10,12,09,11,20,24
PQ052,PUNITAQUI,16,16,06,06,29,30,14,14,15,19,07,12,10,12,11,13,09,13,00,00,12,13,15,18,14,16,08,11,21,24
PQ053,PUNITAQUI,15,15,06,09,30,31,00,00,07,13,11,12,10,12,10,10,10,12,09,12,09,09,14,17,12,13,08,12,24,27
PQ054,PUNITAQUI,16,17,07,07,29,32,13,13,12,12,09,13,11,13,09,10,09,12,10,12,09,12,14,17,12,14,11,11,21,25
PQ055,PUNITAQUI,16,16,07,09,28,29,12,13,05,08,11,13,09,14,10,12,11,12,10,11,08,09,16,17,10,12,08,08,20,22
PQ056,PUNITAQUI,17,17,06,06,28,28,00,00,12,15,12,13,08,12,09,11,09,10,11,12,11,12,17,18,14,14,08,11,21,24
PQ057,PUNITAQUI,16,18,06,09,30,32,14,17,07,10,11,11,08,09,11,12,11,12,09,12,10,13,16,17,11,14,08,11,22,24
RP001,RINCONADA DE PUNITAQUI,14,15,06,06,31,32,00,00,05,15,12,13,09,13,10,12,09,13,11,11,09,14,16,18,11,13,08,08,21,26
RP002,RINCONADA DE PUNITAQUI,14,17,07,09,33,33,13,13,13,19,09,13,10,13,12,12,12,13,00,00,09,11,16,17,13,13,08,08,21,22
RP003,RINCONADA DE PUNITAQUI,15,18,06,06,30,32,00,00,00,00,10,12,13,14,10,12,12,13,00,00,09,09,16,19,11,13,08,08,21,26
RP004,RINCONADA DE PUNITAQUI,15,16,06,07,29,32,00,00,16,16,11,14,08,12,08,10,11,13,00,00,09,12,14,17,12,12,08,08,22,23
RP005,RINCONADA DE PUNITAQUI,14,17,06,07,30,32,00,00,00,00,13,13,09,14,10,11,10,11,00,00,11,11,17,18,10,15,11,11,20,21
RP006,RINCONADA DE PUNITAQUI,15,15,06,07,30,31,00,00,00,00,09,12,11,13,11,12,11,13,00,00,11,12,16,18,13,14,11,11,23,26
RP007,RINCONADA DE PUNITAQUI,16,16,06,06,30,32,14,14,12,18,11,12,11,13,10,10,10,14,12,12,11,12,15,15,10,13,08,11,20,26
RP008,RINCONADA DE PUNITAQUI,15,17,06,07,29,32,16,16,16,21,11,11,08,12,08,10,10,11,00,00,09,13,15,17,12,13,08,08,23,23
RP009,RINCONADA DE PUNITAQUI,14,15,07,09,29,32,00,00,13,13,12,13,09,12,09,10,09,12,00,00,09,10,16,18,12,15,08,08,25,25
RP010,RINCONADA DE PUNITAQUI,15,15,06,07,31,32,12,14,20,22,08,11,11,12,09,11,09,10,11,13,10,12,16,17,08,15,08,11,26,26
RP011,RINCONADA DE PUNITAQUI,15,15,06,06,29,32,18,21,12,17,11,11,11,12,11,11,11,12,11,12,07,09,16,19,11,14,08,09,20,21
RP012,RINCONADA DE PUNITAQUI,13,15,06,07,29,31,17,19,15,19,11,12,11,14,07,11,11,13,10,10,09,12,14,16,08,11,08,11,19,26
RP013,RINCONADA DE PUNITAQUI,14,15,06,06,29,32,00,00,12,12,11,13,11,12,11,11,11,11,00,00,07,11,16,19,13,14,08,08,21,23
BZ001,BARRAZA,15,16,09,09,32,33,14,15,07,20,09,09,10,13,08,11,09,12,10,11,12,13,16,19,11,11,11,12,22,24
BZ002,BARRAZA,15,17,06,08,29,29,14,14,10,14,11,11,13,14,11,11,10,12,11,12,12,13,17,18,12,13,08,11,22,22
BZ004,BARRAZA,15,16,07,09,29,30,12,21,17,19,09,11,11,13,10,12,09,12,12,12,13,14,16,16,12,15,08,12,26,26
BZ005,BARRAZA,15,16,07,07,28,29,13,16,17,18,11,11,08,13,11,14,10,11,12,12,07,09,17,17,13,13,08,11,19,24
BZ006,BARRAZA,16,17,06,07,29,33,15,19,11,12,10,11,09,12,11,12,09,12,12,12,10,12,18,19,10,14,08,08,24,24
BZ008,BARRAZA,15,16,06,07,28,31,14,15,13,17,11,11,12,13,10,12,10,12,12,13,10,13,17,17,10,15,08,11,21,23
BZ011,BARRAZA,15,18,07,08,29,30,13,15,11,20,12,13,09,12,10,11,10,10,10,11,10,13,15,15,10,15,11,12,20,26
BZ013,BARRAZA,15,18,08,09,29,32,18,18,12,22,12,12,11,11,10,12,09,09,12,12,10,10,16,17,13,13,08,11,21,27
BZ015,BARRAZA,15,15,08,09,29,31,12,14,08,11,11,13,08,14,12,13,10,10,12,12,10,11,16,19,11,13,08,08,21,22
BZ016,BARRAZA,17,18,07,07,28,29,13,15,11,12,11,12,09,12,11,12,09,10,11,11,09,10,15,18,13,15,11,12,23,26
BZ017,BARRAZA,15,18,06,07,29,33,13,14,17,17,12,12,09,12,10,12,10,12,11,12,11,13,15,15,13,14,08,12,20,23
BZ018b,BARRAZA,15,15,07,09,30,30,14,16,07,19,07,10,10,12,11,12,09,13,11,11,10,12,16,17,13,13,08,11,24,24
BZ020,BARRAZA,15,18,07,08,30,32,12,22,12,12,10,11,09,11,11,12,09,11,10,12,07,09,16,17,10,15,08,08,18,25
BZ021,BARRAZA,15,17,07,09,29,30,13,17,14,15,09,11,11,11,07,11,09,09,10,11,10,12,15,19,12,12,09,11,21,26
BZ023,BARRAZA,00,00,00,00,00,00,00,00,00,00,00,00,00,00,00,00,00,00,00,00,00,00,00,00,00,00,00,00,00,00
BZ024,BARRAZA,15,16,09,09,27,32,14,16,13,18,11,12,09,12,10,10,12,13,11,12,10,11,16,19,12,13,08,08,24,25
BZ025,BARRAZA,15,16,06,07,29,30,15,15,11,19,11,11,12,13,09,10,10,12,11,12,09,13,17,17,11,13,11,12,20,21
BZ026,BARRAZA,14,15,09,09,30,31,12,14,11,13,11,11,11,14,10,12,10,11,10,12,10,15,16,19,15,15,08,11,22,26
BZ027,BARRAZA,15,18,07,09,30,31,13,15,18,21,11,13,10,13,11,11,10,11,10,11,09,12,16,19,13,14,10,11,21,24
BZ028,BARRAZA,14,18,06,07,30,30,14,19,07,15,07,11,08,13,11,11,12,13,12,12,10,13,15,17,12,13,08,08,20,24
BZ030,BARRAZA,14,16,06,09,30,32,14,15,12,12,07,10,12,14,08,09,11,12,10,12,12,13,16,17,14,15,08,09,20,23
BZ032,BARRAZA,14,15,07,07,29,32,12,15,13,18,11,12,11,14,09,11,10,12,10,12,09,10,17,17,12,15,08,08,20,25
BZ033,BARRAZA,15,17,06,09,28,32,11,14,07,13,09,11,09,12,09,10,09,12,11,12,09,10,16,19,12,13,08,11,25,26
BZ034,BARRAZA,15,16,07,09,29,32,15,17,07,12,12,12,10,14,09,11,10,13,10,12,09,11,16,17,13,13,11,11,21,26
BZ035,BARRAZA,15,16,06,07,31,31,18,18,15,17,09,11,11,13,11,12,09,11,12,12,09,09,18,19,13,13,09,11,21,27
BZ036,BARRAZA,16,18,07,09,29,32,13,17,07,17,11,11,12,13,11,12,12,12,11,11,13,13,17,17,12,14,08,11,24,24
BZ037,BARRAZA,15,18,06,09,30,30,14,18,11,16,09,13,09,11,10,10,10,11,10,11,09,10,15,18,13,13,08,11,21,25
BZ040,BARRAZA,16,16,06,09,30,30,14,20,15,18,11,12,09,12,08,10,09,10,10,11,10,12,17,17,12,14,08,09,24,25
BZ041,BARRAZA,15,17,06,09,28,30,10,13,11,16,12,12,11,13,11,11,09,09,10,11,12,13,16,16,14,16,08,12,23,23
CA002,CANELILLA OVALLE,16,18,06,09,31,31,13,17,13,15,11,12,13,14,10,11,12,12,11,12,10,11,14,16,13,13,08,11,26,27
CA005,CANELILLA OVALLE,15,15,07,09,30,32,13,15,12,14,11,12,10,12,11,11,12,13,11,11,10,11,17,19,11,12,08,08,22,29
CA006,CANELILLA OVALLE,16,17,09,09,28,00,13,17,12,14,12,13,10,12,11,12,11,13,11,11,10,12,18,19,12,15,08,11,22,24
CA007,CANELILLA OVALLE,13,15,06,09,30,30,13,18,15,17,11,12,12,13,11,11,11,12,11,12,10,11,14,16,15,15,08,09,21,24
CA009,CANELILLA OVALLE,14,15,06,09,29,33,12,12,11,15,11,12,12,13,12,13,09,12,11,12,09,12,16,16,13,15,08,08,27,27
CA010,CANELILLA OVALLE,17,17,06,07,30,30,12,16,15,18,09,09,09,12,10,12,12,13,10,11,11,13,16,18,10,13,08,11,20,22
CA011,CANELILLA OVALLE,17,17,08,09,28,33,13,17,10,14,11,13,10,12,11,12,13,13,11,11,12,14,19,19,14,15,11,11,22,22
CA012,CANELILLA OVALLE,15,15,06,08,28,30,12,13,12,14,07,13,12,14,08,12,09,09,12,13,11,13,15,16,12,13,08,11,21,24
CA013,CANELILLA OVALLE,15,15,07,09,29,31,18,21,07,12,12,12,09,12,10,11,11,12,11,11,07,12,16,16,13,16,08,11,21,00
CA014,CANELILLA OVALLE,15,16,06,07,29,31,15,16,09,13,12,13,09,15,08,11,11,13,10,13,09,11,17,18,11,13,08,10,20,22
CA015,CANELILLA OVALLE,15,18,07,09,28,29,15,16,11,17,11,12,11,12,10,12,11,11,10,13,10,11,16,18,12,13,08,11,24,25
CA016,CANELILLA OVALLE,15,16,06,09,30,32,15,17,12,16,11,12,12,14,08,09,12,13,09,11,10,11,17,19,13,14,08,11,19,24
CA017,CANELILLA OVALLE,16,18,06,06,28,30,14,15,10,16,11,13,11,14,11,11,10,11,11,11,12,12,17,18,13,13,08,11,19,25
CA018,CANELILLA OVALLE,15,16,06,09,29,30,12,17,15,20,10,12,12,13,08,10,09,12,11,12,07,13,17,18,15,16,08,10,25,26
CA019,CANELILLA OVALLE,15,16,09,09,32,32,15,17,12,13,12,12,12,12,08,11,11,12,11,11,10,10,17,19,11,11,11,12,25,26
CA020,CANELILLA OVALLE,16,16,09,09,31,33,14,20,17,19,11,11,10,11,11,12,12,12,11,11,11,12,17,18,11,13,08,11,22,22
CA022,CANELILLA OVALLE,15,19,06,09,27,33,12,20,19,20,11,11,08,10,11,12,10,12,11,11,11,12,16,18,11,13,08,11,20,22
CA023,CANELILLA OVALLE,15,15,06,07,30,30,12,12,12,20,11,12,10,14,08,12,12,13,10,10,07,10,18,19,11,13,08,11,22,23
CB002,CANELA BAJA,15,15,06,09,31,31,14,15,07,15,11,12,11,12,09,10,11,13,10,11,13,13,16,18,12,12,11,11,22,23
CB003,CANELA BAJA,16,16,07,09,28,31,13,14,16,21,07,12,09,12,10,10,13,13,09,10,10,11,16,18,13,15,08,09,22,26
CB004,CANELA BAJA,15,16,06,07,31,31,14,17,08,10,11,11,11,12,10,11,12,12,11,12,12,12,16,17,13,14,08,12,19,20
CB005,CANELA BAJA,15,15,06,07,30,30,15,15,12,16,11,12,08,09,10,11,10,11,11,11,09,11,16,16,11,14,09,11,19,22
CB006,CANELA BAJA,15,16,06,09,29,31,14,15,15,18,11,13,08,10,10,11,10,12,11,12,09,10,16,19,13,14,08,12,19,27
CB007,CANELA BAJA,15,16,08,08,31,32,14,18,07,07,11,12,08,09,10,12,12,12,12,12,09,12,16,16,12,14,08,08,22,24
CB008,CANELA BAJA,15,18,06,07,32,33,17,19,13,19,11,12,08,14,11,12,11,12,09,10,07,11,14,18,12,12,08,11,21,28
CB009,CANELA BAJA,14,15,06,09,29,32,14,14,10,14,11,12,11,12,10,11,09,13,11,12,11,13,17,18,14,15,09,11,22,25
CB010,CANELA BAJA,15,15,07,07,30,30,14,18,13,24,09,11,13,13,10,11,10,12,10,12,10,11,16,17,12,13,08,11,25,26
CB011,CANELA BAJA,15,18,06,06,30,32,13,14,10,12,11,13,09,13,11,12,09,13,11,12,09,12,17,17,14,14,08,09,21,26
CB012,CANELA BAJA,13,18,08,09,30,30,12,13,14,15,11,11,11,12,09,11,09,13,10,12,09,10,17,18,13,13,08,11,19,21
CB013,CANELA BAJA,15,15,09,09,28,32,12,16,07,07,11,11,08,11,10,11,11,13,11,11,09,13,18,18,12,15,08,11,26,26
CB014,CANELA BAJA,15,16,06,06,31,32,15,19,11,17,11,11,09,13,10,10,10,12,11,12,13,14,17,18,10,13,08,09,21,25
CB015,CANELA BAJA,16,18,07,09,31,33,16,20,07,10,07,11,09,14,11,12,09,11,12,12,12,13,15,16,10,12,08,11,00,25
CB017,CANELA BAJA,14,15,06,06,30,32,13,14,11,16,11,11,09,09,09,13,09,11,10,11,10,12,16,19,16,16,08,11,23,25
CB018,CANELA BAJA,15,16,06,06,30,31,14,17,15,18,11,13,08,09,08,10,12,13,12,12,10,12,17,19,13,17,08,08,21,27
CB019,CANELA BAJA,14,15,07,09,28,31,15,15,12,12,12,13,12,13,10,12,10,11,09,10,11,12,16,17,12,13,08,11,25,26
CB020,CANELA BAJA,14,16,06,09,28,31,13,17,07,07,11,11,11,11,08,09,12,13,11,12,09,09,16,17,13,14,08,11,21,26
CB021,CANELA BAJA,15,18,06,07,30,32,14,19,15,16,11,11,09,13,11,12,11,12,13,13,07,13,15,16,15,15,08,08,19,22
CB022,CANELA BAJA,15,17,06,07,30,32,14,18,07,19,13,13,11,13,10,11,10,13,11,13,11,13,16,18,12,15,11,12,22,24
CB023,CANELA BAJA,15,15,06,09,29,30,15,18,07,12,13,13,08,09,09,11,09,12,12,12,10,11,14,14,11,16,08,08,20,23
CB024,CANELA BAJA,15,16,06,06,31,32,15,16,10,15,11,13,12,13,09,10,11,13,10,11,11,13,16,18,12,14,08,12,20,28
CB025,CANELA BAJA,15,15,06,09,30,30,14,18,10,12,07,11,08,09,10,11,09,12,10,12,02,10,17,17,12,13,08,08,21,29
CB026,CANELA BAJA,15,15,06,07,30,32,16,16,21,21,11,12,10,15,09,10,09,10,11,11,09,13,16,17,13,14,08,09,19,23
CB027,CANELA BAJA,14,15,06,09,30,33,13,17,12,12,10,13,11,12,10,10,12,13,12,12,11,13,17,18,14,15,08,09,21,26
CB028,CANELA BAJA,15,17,06,09,31,32,16,19,07,19,11,13,12,13,10,11,10,11,11,12,09,12,16,18,14,15,08,08,24,25
CB029,CANELA BAJA,15,15,06,07,29,33,15,17,12,23,12,12,11,11,10,11,11,12,08,13,09,10,16,18,10,14,08,12,19,21
CB030,CANELA BAJA,15,16,08,09,31,31,12,24,07,12,10,11,11,11,07,11,10,11,10,12,10,10,14,17,13,14,08,08,24,24
CB031,CANELA BAJA,16,18,06,07,27,30,14,15,07,15,11,12,11,12,09,11,11,13,10,11,13,13,16,16,12,12,08,11,22,23
CB033,CANELA BAJA,15,18,06,07,32,33,13,14,07,11,07,12,12,12,10,10,09,11,10,14,09,10,16,18,13,14,08,10,22,25
CB034,CANELA BAJA,15,15,07,08,30,00,14,15,13,15,12,12,08,10,10,12,10,13,12,12,10,11,16,17,13,13,09,12,20,23
CB035,CANELA BAJA,15,16,06,09,30,31,17,18,12,19,10,11,11,14,10,11,11,12,10,12,08,13,16,17,13,14,08,11,24,26
CB036,CANELA BAJA,16,16,07,08,28,31,13,18,12,15,07,13,12,14,07,11,12,12,12,12,10,12,16,18,11,13,08,11,21,25
CB037,CANELA BAJA,15,15,07,07,31,32,12,17,13,16,12,12,09,12,10,12,11,12,11,12,07,11,17,19,13,13,08,11,21,25
CB038,CANELA BAJA,15,16,07,08,29,29,13,18,10,18,09,11,11,12,12,12,13,13,11,12,09,12,16,18,11,13,08,11,19,26
CB039,CANELA BAJA,15,16,06,07,31,32,13,13,09,23,11,12,08,09,10,11,11,12,12,12,10,13,16,16,13,15,08,11,19,23
CB041,CANELA BAJA,16,17,06,07,30,30,14,15,12,13,12,13,09,12,09,09,12,12,11,12,11,12,14,18,14,15,08,08,23,24
CB042,CANELA BAJA,15,18,06,08,29,33,14,17,12,15,11,11,09,09,10,11,12,14,10,12,09,11,16,17,13,15,11,12,26,26
CB043,CANELA BAJA,14,15,07,09,30,30,12,13,12,12,11,13,11,13,10,12,10,12,12,13,09,10,17,18,15,15,09,12,22,25
CB044,CANELA BAJA,15,16,06,06,30,30,13,15,13,19,11,11,11,13,10,10,09,11,11,12,10,13,16,17,12,14,08,08,22,23
CB045,CANELA BAJA,16,16,06,07,29,30,18,18,12,13,11,11,12,13,10,13,09,11,10,12,09,10,15,17,11,12,08,11,22,26
CB046,CANELA BAJA,16,19,07,09,30,31,18,18,12,12,11,12,10,14,12,12,12,12,11,12,10,10,16,18,09,12,08,12,21,23
CB047,CANELA BAJA,15,17,07,07,30,33,13,14,07,12,07,10,11,14,10,12,11,13,10,12,11,12,17,18,14,15,08,08,21,25
CB048,CANELA BAJA,15,18,06,09,27,30,17,20,14,18,11,11,09,12,10,11,12,13,11,11,09,11,15,17,13,15,08,08,19,00
CB049,CANELA BAJA,15,15,06,07,30,30,12,17,10,15,12,12,12,13,09,10,11,12,11,12,10,13,16,17,12,15,08,11,24,25
CB050,CANELA BAJA,15,15,07,07,30,33,15,15,13,14,07,11,08,10,08,12,11,13,10,12,09,10,16,17,13,13,09,11,20,26
CB051,CANELA BAJA,16,18,06,07,27,31,14,15,07,15,11,11,12,13,08,10,09,13,11,11,07,11,18,19,12,14,08,11,22,24
CB052,CANELA BAJA,14,16,08,09,30,00,16,19,12,15,12,13,10,14,10,12,11,13,11,12,10,14,14,16,12,15,09,11,22,27
CB053,CANELA BAJA,15,18,06,08,30,31,14,17,13,14,11,12,10,11,08,09,12,13,11,13,10,11,16,17,14,14,08,11,22,24
CB054,CANELA BAJA,16,18,07,09,28,30,14,17,11,17,12,12,09,10,10,11,11,11,12,12,07,10,17,19,10,11,11,11,22,25
CB055,CANELA BAJA,15,16,06,06,29,30,14,17,12,12,09,11,10,11,10,11,09,11,11,11,13,13,16,18,12,13,08,11,26,26
CB057,CANELA BAJA,15,16,07,09,30,31,14,18,14,15,11,12,08,12,10,11,09,12,11,11,11,12,16,17,10,14,08,08,20,22
CB059,CANELA BAJA,15,15,09,09,30,31,15,17,12,14,11,11,08,11,10,10,11,12,11,12,10,10,16,16,13,13,08,11,19,24
CB061,CANELA BAJA,15,15,07,09,29,31,12,17,14,16,07,12,10,12,09,11,11,12,11,11,07,09,15,17,13,14,08,08,22,27
CB063,CANELA BAJA,15,18,07,09,31,32,15,17,12,12,11,11,09,10,10,11,12,12,10,11,09,14,15,17,10,13,08,08,19,22
CB064,CANELA BAJA,15,16,06,09,29,30,14,15,16,19,11,11,11,12,08,12,11,13,10,12,11,12,16,16,11,13,09,11,19,21
CB065,CANELA BAJA,15,17,06,09,31,00,14,15,05,16,11,12,10,12,12,12,09,11,10,12,09,13,16,19,10,15,08,08,23,26
CB066,CANELA BAJA,16,16,06,09,27,31,12,15,11,16,11,12,08,14,09,10,10,10,11,12,09,13,16,16,13,14,08,09,20,21
CB070,CANELA BAJA,14,15,06,07,29,30,15,16,10,15,11,12,12,13,10,12,09,12,11,12,10,10,16,20,13,13,08,09,19,22
CB071,CANELA BAJA,15,15,06,07,31,32,17,17,11,17,11,11,11,13,09,11,09,11,10,10,10,13,14,16,13,15,08,11,21,27
CB072,CANELA BAJA,15,15,07,09,30,31,17,21,12,15,07,12,09,10,10,11,09,10,11,12,11,12,14,16,12,12,11,12,19,26
CB073,CANELA BAJA,00,00,00,00,00,00,17,21,00,00,00,00,00,00,00,00,00,00,00,00,00,00,00,00,00,00,00,00,00,00
CB074,CANELA BAJA,15,16,07,08,28,30,14,15,07,07,11,11,12,14,08,12,11,12,11,12,09,09,17,17,11,12,08,11,20,24
CB075,CANELA BAJA,15,16,07,07,29,31,13,17,11,15,11,12,12,13,11,11,09,11,10,12,10,13,14,16,12,13,08,08,21,24
CB076,CANELA BAJA,15,17,06,07,29,29,17,17,12,14,07,12,09,09,11,11,12,12,10,11,14,14,16,16,13,13,11,12,22,26
CB077,CANELA BAJA,15,15,07,09,31,33,09,13,07,07,11,12,12,14,10,12,09,11,10,12,09,10,18,18,11,15,08,12,21,21
CB078,CANELA BAJA,16,17,07,09,30,32,16,18,10,17,11,14,09,13,10,12,09,11,12,12,09,10,17,17,13,15,08,08,23,26
CB079,CANELA BAJA,15,16,06,09,29,30,14,18,12,13,11,13,09,12,11,11,11,11,10,12,09,10,14,14,10,15,08,09,18,23
CB080,CANELA BAJA,15,15,07,09,30,30,13,16,14,14,11,12,12,13,10,11,12,12,10,11,08,09,17,17,12,13,08,08,22,24
CB081,CANELA BAJA,15,18,06,06,31,32,12,14,10,14,07,13,09,14,11,12,11,12,12,12,10,14,16,16,10,12,08,09,25,25
CB082,CANELA BAJA,14,18,09,09,29,32,11,20,12,19,07,12,09,13,08,08,09,11,10,13,09,10,18,19,12,13,08,08,21,27
CB083,CANELA BAJA,15,18,09,09,29,31,14,14,10,10,09,09,09,14,10,13,11,12,10,10,10,11,14,14,10,15,08,11,26,26
CB084,CANELA BAJA,16,16,07,09,29,31,13,14,12,15,12,13,08,09,11,12,09,12,10,11,10,12,16,16,11,14,08,08,25,26
CB085,CANELA BAJA,15,16,09,09,29,30,14,19,07,08,11,12,09,12,11,12,12,13,12,13,11,15,17,18,11,15,11,12,20,22
CB086,CANELA BAJA,15,16,06,07,31,32,12,13,13,17,11,12,09,14,10,12,11,11,10,10,10,10,18,18,13,14,08,11,24,25
CB087,CANELA BAJA,16,17,07,09,30,32,18,18,10,17,11,14,09,13,10,12,09,09,12,12,09,10,17,17,13,15,08,08,23,26
CB088,CANELA BAJA,14,15,07,07,30,00,15,17,12,15,11,11,11,11,11,12,12,13,11,12,13,14,13,17,13,16,08,11,21,27
CB089,CANELA BAJA,15,16,07,07,31,32,12,15,10,18,11,11,09,10,08,10,09,13,11,13,09,10,17,18,10,15,09,11,21,25
CB090,CANELA BAJA,15,16,08,08,30,32,15,16,12,14,11,12,11,14,10,12,11,12,12,12,10,11,16,17,12,13,08,12,19,24
CB091,CANELA BAJA,17,17,06,09,29,29,12,15,10,23,12,12,09,12,09,11,09,11,09,11,09,12,17,19,14,14,08,08,23,25
CB092,CANELA BAJA,15,16,09,09,00,33,14,16,15,18,11,11,09,12,12,12,10,12,12,12,12,13,16,18,13,15,08,11,22,25
CB093,CANELA BAJA,14,15,07,09,30,30,13,13,12,12,12,12,10,11,10,12,11,12,10,10,13,13,16,16,14,14,11,12,22,22
CB094,CANELA BAJA,14,15,07,07,31,32,10,14,07,14,11,12,12,14,08,11,11,11,11,12,10,13,16,17,14,15,08,11,20,25
CB095,CANELA BAJA,15,18,06,07,28,29,14,18,07,10,07,09,09,10,09,11,11,11,12,12,10,13,16,17,12,15,11,11,21,00
CB096,CANELA BAJA,15,15,06,07,30,30,17,21,15,15,11,12,10,11,11,12,12,14,07,12,10,10,16,18,10,14,11,11,22,22
CB097,CANELA BAJA,14,15,06,09,28,30,15,18,11,15,07,11,09,12,11,11,12,12,11,12,09,10,14,17,13,13,08,08,26,27
CB098,CANELA BAJA,15,17,06,06,30,32,13,14,15,17,12,12,10,12,08,09,11,12,11,13,10,13,15,18,12,13,09,11,22,23
CB100,CANELA BAJA,17,17,07,09,32,32,13,18,17,19,11,11,09,11,10,11,09,10,11,11,09,11,14,16,13,15,08,11,24,25
CB101,CANELA BAJA,15,18,07,09,30,31,11,15,05,21,10,11,10,12,10,11,11,11,10,12,10,12,17,17,13,14,08,12,19,22
CB104,CANELA BAJA,15,16,09,09,30,32,17,18,10,17,09,14,11,13,12,12,10,10,10,12,09,10,18,19,10,13,08,11,20,25
CB105,CANELA BAJA,15,16,08,09,30,31,12,14,15,21,09,12,09,13,10,11,09,11,10,10,12,14,14,14,14,14,07,08,22,27
CB106,CANELA BAJA,16,17,06,09,30,32,13,15,11,13,11,13,08,10,08,12,12,13,09,10,09,12,16,18,12,15,08,11,25,26
CB107,CANELA BAJA,15,16,09,09,30,32,15,16,12,13,11,13,09,12,10,10,12,13,09,12,09,12,16,16,12,13,08,09,25,25
CB108,CANELA BAJA,15,16,06,07,30,30,12,17,07,14,11,12,08,09,10,11,11,11,11,12,10,14,16,17,12,15,09,11,19,24
CB109,CANELA BAJA,14,18,06,07,28,33,13,16,12,14,11,11,09,13,11,12,10,11,12,12,10,12,15,19,13,15,08,10,23,25
CB110,CANELA BAJA,15,16,06,09,28,31,13,15,07,12,11,11,10,11,08,11,12,13,09,11,09,11,16,19,11,16,08,08,23,26
CB111,CANELA BAJA,15,16,06,09,30,30,14,16,07,16,11,11,12,12,11,11,10,11,11,11,10,10,16,17,14,14,09,11,23,25
CB112,CANELA BAJA,15,18,06,07,27,30,12,17,15,19,09,11,08,10,08,11,09,11,10,11,09,10,17,17,14,15,08,11,21,25
CB115,CANELA BAJA,14,15,06,06,31,00,17,19,07,08,11,13,11,11,12,12,10,14,10,13,10,10,16,16,13,15,08,12,19,25
CB116,CANELA BAJA,15,15,09,09,29,33,14,16,13,14,10,12,09,13,12,13,10,11,11,12,09,10,14,16,12,13,08,08,23,25
CB118,CANELA BAJA,15,16,07,09,29,31,13,16,05,15,11,12,11,11,10,10,11,12,11,12,12,13,18,18,12,13,08,12,19,20
CB119,CANELA BAJA,14,15,06,07,31,31,17,19,08,11,11,13,11,11,12,12,10,12,12,13,10,10,16,16,13,15,12,12,25,25
CB123,CANELA BAJA,14,14,07,09,30,32,15,15,15,15,09,09,09,09,11,11,09,09,11,11,12,14,16,17,13,15,08,08,23,24
CB124,CANELA BAJA,15,16,07,09,29,31,12,17,12,16,07,11,08,12,11,11,12,13,10,11,12,14,17,18,13,14,11,11,19,20
CB126,CANELA BAJA,15,16,07,09,27,30,15,18,15,18,11,12,09,11,11,12,12,14,12,13,09,11,14,16,13,13,11,11,24,25
CB130,CANELA BAJA,15,15,06,07,27,31,20,20,13,17,12,12,09,15,10,11,11,12,11,11,09,11,18,19,12,12,11,11,19,25
CB133,CANELA BAJA,15,16,08,09,28,30,14,14,06,12,11,13,13,14,11,11,10,11,10,10,13,13,16,17,10,14,08,11,18,22
CB134,CANELA BAJA,15,15,06,09,30,30,12,14,07,13,11,11,08,11,07,10,10,11,12,12,10,10,15,16,14,15,08,11,24,24
CB135,CANELA BAJA,18,18,06,07,29,31,13,14,07,07,11,11,10,14,10,12,11,13,11,12,10,13,16,17,11,15,08,08,21,21
CB136,CANELA BAJA,15,18,07,09,27,30,12,17,12,14,12,12,09,10,10,12,09,12,10,13,11,12,17,17,13,13,08,08,18,22
CB137,CANELA BAJA,14,17,06,09,27,31,16,18,07,12,08,12,08,12,10,11,12,12,10,11,12,14,16,17,12,12,08,12,23,23
CB138,CANELA BAJA,15,18,07,09,27,30,12,17,12,14,12,13,09,10,10,12,09,12,10,13,11,12,17,17,13,13,08,08,18,22
CB139,CANELA BAJA,15,15,06,09,27,31,13,16,07,15,11,12,11,14,10,11,11,11,11,13,11,11,16,18,12,15,08,08,21,24
CB141,CANELA BAJA,15,16,09,09,29,30,12,15,07,12,11,13,09,11,08,11,11,12,10,11,10,12,17,18,13,13,08,08,20,23
CB143,CANELA BAJA,15,16,06,07,30,31,12,14,12,15,11,12,09,14,11,12,11,12,13,13,09,12,15,17,14,15,11,12,23,25
CB144,CANELA BAJA,16,17,07,09,30,32,12,15,14,19,07,11,09,11,10,10,12,13,10,11,12,13,16,17,13,14,09,11,22,23
CB145,CANELA BAJA,16,16,06,06,29,30,17,17,07,12,07,11,10,11,11,13,09,12,10,10,09,12,16,18,15,16,08,10,21,25
CB146,CANELA BAJA,15,16,07,09,28,30,13,22,12,20,11,12,12,13,11,12,09,11,12,12,12,13,18,19,13,16,08,11,19,25
CB147,CANELA BAJA,14,16,06,09,30,32,14,15,12,12,07,10,12,14,08,09,11,12,10,12,12,13,16,17,14,15,08,09,20,23
CB148,CANELA BAJA,14,15,06,08,29,29,13,14,12,18,09,11,12,15,09,12,11,13,10,11,09,09,16,18,11,14,08,11,25,26
CB149,CANELA BAJA,14,17,07,09,28,28,14,15,05,19,07,10,09,12,10,11,11,12,11,11,10,12,16,18,13,15,08,11,25,25
CB153,CANELA BAJA,15,16,07,09,30,31,17,18,07,07,11,11,13,13,10,12,09,11,09,11,09,10,16,17,11,11,08,08,22,00
CB155,CANELA BAJA,15,15,07,09,27,33,13,17,07,15,12,12,08,11,10,11,11,11,11,11,11,13,16,19,12,15,08,11,21,21
CB158,CANELA BAJA,14,17,06,07,28,30,15,16,15,15,11,11,11,14,11,11,10,11,11,13,09,10,15,15,09,11,09,11,24,24
CB163,CANELA BAJA,15,16,06,09,29,31,17,17,11,14,11,12,08,11,10,11,09,12,11,12,10,11,16,16,13,14,09,11,24,24
CB165,CANELA BAJA,15,16,06,07,30,32,13,14,14,17,11,12,12,13,10,12,12,13,12,12,09,12,16,17,13,13,08,12,22,23
CB167,CANELA BAJA,15,17,09,09,29,32,12,16,07,23,11,11,12,12,10,11,12,13,11,12,11,11,16,18,12,13,08,08,21,22
CB168,CANELA BAJA,15,16,07,09,30,30,13,22,12,12,11,13,12,13,11,12,09,11,12,12,09,13,14,16,13,16,08,11,19,25
CB169,CANELA BAJA,14,17,06,08,29,30,11,16,11,16,12,13,12,14,11,13,11,11,10,11,12,14,17,17,13,14,08,11,21,25
CB171,CANELA BAJA,15,16,06,09,31,33,13,17,09,18,07,11,11,14,07,08,12,12,10,15,12,12,16,16,08,13,08,08,24,25
CB173,CANELA BAJA,15,16,07,08,29,30,12,14,14,15,11,11,10,12,11,12,11,12,10,13,11,13,16,18,13,14,08,09,22,26
CB175,CANELA BAJA,14,15,06,07,30,32,14,18,14,16,11,11,11,11,08,11,12,12,10,10,12,12,18,18,13,14,11,12,22,24
CB177,CANELA BAJA,15,18,06,09,29,31,15,19,10,14,11,11,12,14,11,13,11,11,12,12,09,15,18,18,13,15,08,10,19,19
CB179,CANELA BAJA,16,18,09,09,29,30,14,15,14,14,07,11,11,14,10,11,11,12,10,12,10,15,18,18,11,13,08,08,19,19
CB181,CANELA BAJA,15,16,07,09,29,33,12,14,07,18,07,12,11,11,11,12,09,12,11,12,12,12,16,17,13,14,08,08,23,27
CB185,CANELA BAJA,15,16,07,09,30,32,13,14,11,12,11,12,12,14,10,12,09,13,11,12,10,10,14,17,13,13,08,08,21,26
CL003,LA CALERA,15,17,07,07,32,32,13,14,11,18,11,13,11,12,09,11,00,00,12,12,12,13,16,17,13,13,11,11,21,25
CL004,LA CALERA,15,16,07,07,30,30,15,17,11,12,11,11,12,13,10,11,09,09,09,12,09,09,16,17,12,15,08,08,23,25
CL005,LA CALERA,15,16,06,09,28,33,16,17,12,13,07,12,11,13,10,11,09,12,10,10,10,11,15,17,13,13,08,08,23,23
CL006,LA CALERA,15,16,07,09,28,30,14,14,12,13,11,11,09,10,08,09,09,10,12,12,10,13,17,17,11,11,08,12,21,24
CL007,LA CALERA,14,17,08,09,29,33,14,16,15,18,11,12,09,12,12,12,09,12,11,11,09,10,14,17,13,15,08,11,00,24
CL008,LA CALERA,16,17,06,07,29,32,12,14,15,18,10,11,12,13,11,13,10,11,10,12,10,13,15,17,13,14,08,11,19,22
CL009,LA CALERA,15,16,06,06,29,32,11,14,14,16,11,11,11,13,08,11,09,11,11,11,10,12,16,17,12,15,08,08,22,25
CL010,LA CALERA,15,15,06,09,29,32,12,14,13,16,11,11,12,13,11,11,11,11,10,11,10,12,17,19,15,15,08,11,22,25
CL011,LA CALERA,14,15,08,09,29,30,14,15,12,15,11,12,11,11,10,11,11,14,11,12,10,11,17,17,10,14,11,11,19,20
CL012,LA CALERA,14,15,09,09,30,32,12,18,13,16,11,12,12,13,11,11,11,12,10,11,09,10,16,17,14,15,08,08,23,25
CL013,LA CALERA,14,16,07,09,29,30,14,14,12,16,11,11,10,11,09,12,09,10,11,11,10,12,17,19,11,14,08,12,21,21
CL014,LA CALERA,15,16,07,09,31,31,14,15,12,13,10,11,12,12,09,11,09,11,09,11,10,14,15,16,13,13,08,08,20,21
CL017,LA CALERA,15,16,07,09,30,31,12,13,13,15,10,11,12,14,08,12,12,12,11,12,12,12,16,18,14,14,08,08,22,23
CL018,LA CALERA,16,18,07,07,28,28,12,20,11,15,10,12,10,12,09,12,10,12,12,13,09,09,16,19,13,15,08,08,24,26
CL019,LA CALERA,15,16,09,09,30,32,13,14,11,13,10,11,12,13,12,13,12,12,11,12,10,12,15,17,14,14,08,11,19,22
CL020,LA CALERA,15,15,06,07,29,33,14,14,15,16,11,12,09,12,11,12,10,11,10,11,11,12,17,19,14,15,08,11,22,25
CL021,LA CALERA,16,16,07,09,31,31,12,15,12,22,07,13,09,12,10,10,09,12,11,11,11,12,17,17,13,15,08,08,21,23
CL022,LA CALERA,15,16,07,07,28,30,17,21,12,14,11,12,10,12,09,10,09,11,11,12,09,10,16,18,11,15,09,11,22,24
CL023,LA CALERA,16,16,09,09,30,31,12,14,05,22,07,11,12,12,08,10,09,09,10,11,10,12,17,17,13,15,08,08,21,25
CL024,LA CALERA,16,16,07,09,31,31,12,14,12,22,11,12,12,12,08,11,09,12,10,11,10,10,17,17,13,15,08,08,23,25
CL025,LA CALERA,15,15,07,08,30,30,17,18,13,15,11,11,13,13,08,10,09,09,12,13,09,14,16,17,12,14,10,12,19,21
CL027,LA CALERA,15,16,07,09,30,30,12,17,12,17,10,10,09,13,10,12,10,13,14,14,10,14,14,17,12,13,08,11,22,26
CL028,LA CALERA,15,16,08,09,27,33,13,14,11,17,11,12,09,12,12,13,11,13,11,12,12,13,17,18,11,15,08,10,24,25
CL029,LA CALERA,14,18,09,09,31,31,14,20,14,18,12,13,08,12,11,11,11,13,11,12,09,12,17,17,13,14,08,11,25,26
CL030,LA CALERA,15,17,06,06,28,33,16,16,12,17,09,13,11,13,10,12,12,12,11,11,11,14,16,17,10,12,08,11,20,22
CL032,LA CALERA,14,15,06,09,32,32,13,14,07,13,11,12,12,13,11,11,11,11,10,11,12,13,17,17,15,15,08,11,25,27
CL033,LA CALERA,15,16,07,09,29,31,18,21,07,12,12,12,09,12,10,11,11,12,11,11,07,12,16,16,13,16,08,11,21,00
CLS40,LA CALERA,17,18,09,09,29,31,15,16,11,18,11,11,12,12,07,11,11,12,10,10,09,10,14,17,10,13,08,09,21,25
CR001,LA CALERA,15,16,06,07,29,30,14,16,07,17,07,11,10,12,09,12,09,12,10,12,10,11,17,19,14,16,08,12,21,22
CR004,LA CALERA,15,15,06,07,28,31,14,17,11,17,11,11,10,12,08,11,10,13,12,13,09,13,14,15,12,13,09,11,19,19
CR005,LA CALERA,15,15,06,06,32,33,13,14,10,15,08,12,11,12,11,12,09,10,11,13,10,11,14,15,13,13,08,08,22,00
CR006,LA CALERA,14,17,06,08,30,31,14,15,12,19,11,11,12,12,11,12,11,13,09,11,09,11,17,18,13,14,08,11,19,23
CR007,LA CALERA,14,17,06,09,30,33,15,15,11,16,12,12,08,10,11,12,11,12,11,11,09,11,14,17,14,15,08,11,23,26
CR008,LA CALERA,14,18,06,06,29,31,12,15,15,17,12,12,11,13,08,11,12,12,10,10,10,13,17,18,13,14,11,11,22,25
CR009,LA CALERA,14,15,09,09,30,31,15,16,12,15,10,12,09,09,10,12,11,12,10,10,10,12,16,17,14,15,08,11,22,26
CR010,LA CALERA,15,18,06,07,28,29,15,16,11,18,11,12,10,11,10,10,10,12,09,13,10,13,16,18,10,11,08,11,19,25
CR011,LA CALERA,15,16,06,09,31,31,12,20,16,18,11,12,10,12,10,11,11,11,11,12,10,12,17,18,10,13,08,09,21,25
CR012,LA CALERA,15,15,09,09,31,31,16,20,14,18,07,12,10,12,11,11,10,11,11,12,10,14,15,17,13,15,09,11,25,25
CR013,LA CALERA,15,18,09,09,30,33,14,17,10,10,07,11,12,12,11,12,11,12,10,10,09,12,17,17,13,14,08,12,19,23
CR014,LA CALERA,15,16,06,06,28,29,12,21,15,20,11,13,12,14,10,11,12,13,10,10,10,12,16,17,10,11,08,08,21,24
CR015,LA CALERA,15,15,09,09,29,30,14,14,11,20,09,10,12,12,10,12,09,13,11,12,11,12,16,17,13,14,10,11,25,25
ES001,EL ESPINAL,15,18,07,09,28,29,15,16,11,17,11,12,11,12,10,12,11,11,10,13,10,11,16,18,12,13,08,11,24,25
ES002,EL ESPINAL,15,16,06,09,29,30,12,17,15,20,10,12,12,13,08,10,09,12,11,12,07,13,17,18,15,16,08,10,25,26
ES003,EL ESPINAL,14,15,07,07,30,31,12,14,07,12,11,11,08,09,11,12,09,12,11,12,12,12,17,17,12,13,08,09,19,21
ES004,EL ESPINAL,15,15,07,09,28,30,12,16,12,19,11,11,08,10,10,11,10,10,10,12,10,12,14,16,12,14,08,08,25,27
ES005,EL ESPINAL,15,17,07,09,28,30,16,20,05,14,11,12,09,12,10,12,09,13,11,12,10,13,17,18,11,14,08,10,23,24
ES006,EL ESPINAL,15,15,09,09,32,33,16,16,13,19,11,11,10,12,10,12,12,12,10,12,10,12,16,16,13,14,08,12,25,26
ES007,EL ESPINAL,14,15,07,09,28,30,12,21,14,15,07,11,10,12,10,11,09,11,12,12,13,15,16,18,11,14,08,09,21,22
ES008,EL ESPINAL,17,18,06,07,28,28,14,16,05,11,11,12,08,13,11,11,09,12,10,10,10,10,17,18,13,13,11,11,23,24
ES009,EL ESPINAL,15,17,07,08,28,29,14,17,07,10,07,11,09,11,08,11,09,12,11,12,09,12,16,16,13,16,08,08,24,25
ES010,EL ESPINAL,16,17,07,07,31,32,17,18,08,14,11,12,09,13,10,12,11,12,11,13,09,09,14,17,13,15,08,11,23,24
ES011,EL ESPINAL,15,15,09,09,30,32,13,17,12,17,11,12,08,11,08,11,09,09,10,12,10,13,17,17,11,12,08,08,21,22
ES012,EL ESPINAL,15,16,07,07,29,31,10,14,13,17,11,11,10,13,11,12,09,10,11,12,09,13,16,16,13,15,08,08,21,21
ES013,EL ESPINAL,14,16,06,08,32,32,14,18,05,14,12,12,11,14,10,12,08,11,10,11,10,13,16,18,12,15,08,08,23,26
ES014,EL ESPINAL,15,18,07,07,29,29,12,13,10,12,09,11,13,13,10,11,11,13,10,10,09,13,15,17,13,15,08,11,24,26
ES015,EL ESPINAL,16,16,07,09,29,29,16,17,16,18,11,11,09,09,11,11,11,13,10,12,09,11,16,17,12,13,09,12,19,23
GG001,GUALLIGUAICA,14,16,07,09,28,29,14,14,10,12,11,11,09,11,11,11,11,12,11,13,12,13,16,17,12,16,08,08,20,25
GG003,GUALLIGUAICA,15,15,06,07,27,31,14,15,11,14,12,13,12,12,11,11,11,13,10,10,08,12,17,18,13,14,11,11,24,26
GG004,GUALLIGUAICA,14,15,06,06,31,31,14,17,12,15,12,12,11,11,08,10,09,11,12,12,12,13,16,16,10,13,11,12,00,00
GG005,GUALLIGUAICA,15,16,07,09,28,29,14,14,10,14,11,11,09,11,10,10,11,13,11,12,12,12,16,17,10,15,08,09,25,26
GG007,GUALLIGUAICA,16,16,00,00,28,29,12,18,12,19,11,12,10,11,11,12,09,12,11,12,09,13,16,17,12,16,08,11,20,25
HT001,HUENTELAUQUEN,15,17,07,09,30,30,18,20,07,13,07,13,09,09,10,10,09,13,10,12,08,09,16,17,12,14,08,11,22,22
HT003,HUENTELAUQUEN,15,17,06,07,29,32,15,21,13,18,12,12,09,11,08,10,10,11,11,12,09,12,17,17,13,14,11,12,19,21
HT004,HUENTELAUQUEN,15,16,06,09,29,30,15,16,13,13,13,13,08,11,11,11,09,12,12,12,10,10,16,16,13,15,09,12,20,22
HT006,HUENTELAUQUEN,16,16,07,07,31,33,15,16,07,07,12,12,12,13,08,11,12,13,12,12,07,12,17,17,12,12,08,08,21,25
HT007,HUENTELAUQUEN,15,17,06,07,30,30,17,18,11,19,11,12,09,12,11,13,09,10,12,12,10,11,14,16,13,15,09,10,22,25
HT008,HUENTELAUQUEN,15,16,06,07,29,32,12,17,15,17,11,13,08,09,10,12,09,10,10,12,12,14,16,19,12,13,08,08,21,24
HT011,HUENTELAUQUEN,15,15,06,09,30,32,13,13,14,15,12,12,09,12,08,11,09,11,11,12,09,11,16,17,13,15,08,12,22,26
HT013,HUENTELAUQUEN,14,15,09,10,30,30,20,20,15,18,11,11,00,00,11,11,10,13,09,09,09,13,16,17,13,14,08,11,24,24
HT015,HUENTELAUQUEN,15,18,07,07,32,33,12,16,15,15,11,12,12,14,10,10,10,12,11,12,12,13,16,18,13,15,08,08,23,25
HT016,HUENTELAUQUEN,15,16,07,09,30,30,13,17,12,13,11,13,09,12,10,12,09,13,12,12,10,11,16,17,13,15,08,09,21,24
HT017,HUENTELAUQUEN,15,15,06,07,30,32,14,17,07,12,11,12,12,12,11,12,10,12,10,12,11,11,15,19,12,15,09,11,19,29
HT020,HUENTELAUQUEN,15,16,09,09,30,31,14,20,10,15,07,13,09,12,11,12,09,11,10,11,12,13,16,18,12,15,08,09,22,24
HT026,HUENTELAUQUEN,18,18,09,09,32,33,13,18,07,10,11,12,09,11,10,10,09,11,11,11,12,12,14,17,10,12,09,11,21,21
HT029,HUENTELAUQUEN,16,18,08,09,29,30,14,17,10,12,12,13,11,13,12,12,12,13,11,11,10,10,17,17,12,13,08,12,00,00
HT030,HUENTELAUQUEN,17,18,07,07,30,30,14,17,15,15,10,12,10,12,09,12,11,12,10,11,10,11,16,19,13,13,08,11,22,24
HT034,HUENTELAUQUEN,15,16,06,08,29,30,12,15,12,13,11,13,09,12,10,11,09,11,09,10,09,10,17,19,14,14,08,11,25,26
HT035,HUENTELAUQUEN,16,17,06,06,30,30,13,15,10,13,09,11,09,11,10,11,08,13,10,11,10,10,16,19,12,15,08,08,20,22
HT036,HUENTELAUQUEN,15,15,07,09,30,31,17,18,10,11,11,11,11,12,08,12,11,12,11,11,10,12,16,16,11,14,08,09,20,25
HT037,HUENTELAUQUEN,16,17,06,08,28,30,12,16,12,12,11,12,11,12,08,11,11,14,10,12,12,12,16,17,14,14,08,08,23,26
HT038,HUENTELAUQUEN,15,17,06,08,29,30,12,16,10,18,11,13,09,13,10,11,09,09,10,12,12,12,14,18,13,13,08,11,20,24
HT039,HUENTELAUQUEN,16,17,07,07,30,33,13,16,07,18,11,12,09,12,11,11,10,12,10,12,10,10,16,17,11,13,08,08,00,27
HT040,HUENTELAUQUEN,16,16,06,07,32,33,15,15,11,12,11,12,12,14,10,12,12,12,10,12,10,11,16,16,13,13,08,08,19,26
HT042,HUENTELAUQUEN,16,18,06,07,29,32,17,18,11,12,09,11,09,14,09,12,09,11,10,10,11,12,17,18,11,13,08,11,25,25
LG001,CASTILLO MAL PASO,15,15,07,09,28,32,13,17,12,14,11,12,09,11,12,12,09,10,10,10,10,13,16,16,12,14,08,12,21,27
LG002,CASTILLO MAL PASO,15,15,07,09,28,30,12,16,12,19,11,11,08,10,10,11,10,10,10,12,10,12,14,16,12,14,08,08,25,27
LG003,CASTILLO MAL PASO,15,16,09,09,30,30,13,15,10,16,10,11,09,11,10,11,11,11,09,10,11,13,16,16,12,14,08,08,22,24
LG004,CASTILLO MAL PASO,15,17,07,08,28,29,14,17,07,10,07,11,09,11,08,11,09,12,11,12,09,12,16,16,13,16,08,08,24,25
LG006,CASTILLO MAL PASO,16,18,06,09,30,30,14,19,12,17,11,12,11,12,10,12,11,12,10,12,09,13,16,17,13,14,08,11,24,27
LG007,CASTILLO MAL PASO,16,17,07,07,31,32,17,18,08,14,11,12,09,13,10,12,11,12,11,13,09,09,14,17,13,15,08,11,23,24
LG008,CASTILLO MAL PASO,16,18,06,09,31,31,13,17,13,15,11,12,13,14,10,11,12,12,11,12,10,11,14,16,13,13,08,11,26,27
LG009,CASTILLO MAL PASO,15,18,09,09,30,31,13,15,12,21,11,11,09,11,11,11,09,11,10,12,11,13,15,16,12,15,08,12,21,27
LG010,CASTILLO MAL PASO,15,18,07,09,31,31,14,15,13,20,09,11,09,14,08,12,09,12,12,13,10,11,16,16,13,16,11,11,25,27
LG011,CASTILLO MAL PASO,15,18,06,09,29,29,12,14,05,12,11,12,08,11,10,11,10,13,11,12,09,10,15,17,13,16,08,08,22,27
LG013,CASTILLO MAL PASO,15,15,07,09,30,32,13,15,12,14,11,12,10,12,11,12,12,13,11,11,10,11,17,19,11,12,08,08,22,29
LG015,CASTILLO MAL PASO,15,15,06,07,28,30,13,13,15,15,13,13,11,12,11,12,11,12,10,10,10,12,16,17,12,13,08,09,23,28
LG017,CASTILLO MAL PASO,16,16,07,07,32,32,14,15,12,21,11,12,10,10,09,10,09,11,10,12,09,13,17,18,14,14,11,12,24,27
LG018,CASTILLO MAL PASO,15,15,06,06,30,30,13,14,12,19,11,11,09,11,11,11,12,12,12,12,10,10,15,18,14,14,09,09,19,19
LG019,CASTILLO MAL PASO,16,17,07,07,27,31,12,17,16,19,11,11,09,09,12,13,12,13,00,00,10,12,16,19,12,15,11,12,25,28
LG020,CASTILLO MAL PASO,17,18,07,09,31,32,12,14,12,19,11,11,09,09,11,13,12,13,10,12,10,12,16,16,12,14,08,11,19,22
LG021,CASTILLO MAL PASO,14,16,09,09,28,32,17,18,07,18,07,12,12,12,10,11,09,13,11,12,11,12,16,16,11,13,08,11,21,25
LG022,CASTILLO MAL PASO,14,17,09,09,28,30,12,17,14,17,11,12,12,13,10,13,10,11,09,12,09,12,16,16,14,15,08,08,25,25
LG023,CASTILLO MAL PASO,15,16,06,07,28,31,12,13,11,12,11,13,09,13,12,12,11,12,10,13,11,11,16,17,14,15,11,12,25,26
LG024,CASTILLO MAL PASO,15,15,10,06,32,30,15,12,12,05,12,11,09,09,11,10,10,09,12,11,14,07,17,15,15,13,11,08,25,24
LG025,CASTILLO MAL PASO,15,15,06,06,29,31,09,15,05,21,10,13,09,12,08,08,09,12,11,12,09,11,16,17,12,13,10,11,24,25
LG026,CASTILLO MAL PASO,16,17,07,09,30,30,13,14,10,17,09,12,10,13,09,12,11,13,11,12,09,11,17,17,13,14,08,09,22,24
LG028,CASTILLO MAL PASO,14,16,07,09,28,30,13,14,11,17,12,12,13,14,07,12,11,12,12,13,12,13,16,17,12,13,08,12,21,24
LG029,CASTILLO MAL PASO,14,15,09,09,23,00,12,15,12,12,12,13,11,13,09,10,12,13,10,10,10,10,16,17,13,14,08,08,20,24
LG031,CASTILLO MAL PASO,12,16,06,07,32,33,16,17,13,15,12,12,11,13,10,13,11,13,11,12,09,12,16,18,12,14,09,11,19,22
LG032,CASTILLO MAL PASO,14,15,07,08,29,31,12,19,11,12,11,11,09,14,11,12,09,12,11,12,09,11,14,18,13,15,08,11,19,24
LG033,CASTILLO MAL PASO,15,15,06,09,29,30,12,14,12,14,11,12,11,12,11,11,08,13,12,13,10,11,16,18,14,14,08,08,24,27
LG034,CASTILLO MAL PASO,14,15,06,08,28,32,18,21,16,17,11,11,10,12,09,11,09,13,11,12,10,11,14,16,10,13,10,11,19,25
LG035,CASTILLO MAL PASO,15,16,06,09,29,30,14,21,09,10,11,11,09,12,10,11,11,12,10,11,10,11,15,17,13,15,08,11,17,19
LG036,CASTILLO MAL PASO,15,16,06,07,29,30,15,17,12,15,11,11,09,13,10,10,09,11,12,12,12,13,17,17,12,15,08,11,21,25
LG037,CASTILLO MAL PASO,15,16,07,07,30,30,15,15,12,19,11,12,09,11,10,11,09,13,10,12,11,13,15,17,13,15,08,11,22,25
LG038,CASTILLO MAL PASO,15,15,07,09,28,29,13,15,12,20,11,13,10,14,08,11,12,13,11,12,10,11,16,18,12,13,08,12,22,25
LG039,CASTILLO MAL PASO,16,17,06,09,30,32,13,15,11,21,11,12,08,11,07,11,09,13,11,14,10,13,16,18,13,14,08,11,21,26
LG039b,CASTILLO MAL PASO,15,16,07,07,29,30,14,15,15,19,11,12,11,13,10,11,10,11,10,12,11,12,17,18,15,16,08,11,21,22
LG040,CASTILLO MAL PASO,15,18,06,09,29,31,12,13,07,12,11,12,11,14,10,14,11,12,11,12,07,12,16,17,13,15,09,12,19,27
LG041,CASTILLO MAL PASO,15,16,06,08,30,00,17,20,12,20,11,11,09,11,12,13,11,12,12,12,10,11,16,19,14,14,11,11,19,26
LG042,CASTILLO MAL PASO,14,16,06,09,27,31,15,16,05,07,07,11,12,14,10,12,12,12,11,13,09,13,14,18,13,13,08,11,19,24
LG043,CASTILLO MAL PASO,15,15,07,07,30,30,14,15,19,19,11,12,09,11,11,11,10,13,10,12,09,11,15,18,13,16,11,11,21,22
LG044,CASTILLO MAL PASO,15,16,06,09,31,32,15,18,11,12,12,13,13,13,07,11,09,09,10,10,11,12,16,16,11,12,11,11,19,25
LG045,CASTILLO MAL PASO,15,15,06,07,28,30,12,13,14,19,11,12,09,09,11,12,13,13,10,12,11,12,16,18,12,14,08,08,23,25
LG046,CASTILLO MAL PASO,15,18,07,09,30,32,12,17,12,19,11,12,09,11,12,12,09,13,10,10,10,12,14,16,13,14,08,12,24,25
LG047,CASTILLO MAL PASO,15,17,06,06,29,31,13,14,07,12,11,12,08,09,10,10,10,13,09,11,09,13,14,18,14,15,08,12,17,24
LG048,CASTILLO MAL PASO,16,16,06,07,29,32,12,15,05,11,11,13,12,13,11,11,09,10,10,12,10,11,16,16,11,12,09,11,24,25
LG049,CASTILLO MAL PASO,14,15,09,10,28,30,17,19,05,12,11,12,11,13,10,12,09,12,10,10,10,10,16,17,11,11,08,11,25,25
LG050,CASTILLO MAL PASO,15,16,07,07,31,31,19,19,14,18,07,11,10,12,09,11,11,12,10,12,09,12,15,16,12,14,08,08,19,28
LG051,CASTILLO MAL PASO,16,17,06,09,29,29,14,18,08,12,11,13,12,12,11,11,10,12,10,13,10,11,15,15,11,11,10,12,25,29
LG052,CASTILLO MAL PASO,16,16,07,09,29,33,14,17,12,15,11,13,09,12,11,11,09,12,11,13,10,11,14,18,14,16,08,12,24,25
LG053,CASTILLO MAL PASO,14,15,06,06,29,30,13,16,12,12,11,12,12,12,10,11,12,12,10,12,10,12,15,17,12,15,08,08,27,27
LG054,CASTILLO MAL PASO,16,16,09,09,29,30,13,14,10,12,12,14,08,11,10,12,08,11,12,12,12,13,16,18,13,14,08,11,21,25
LG055,CASTILLO MAL PASO,15,18,07,09,30,30,13,16,08,14,11,12,08,11,12,12,09,10,10,10,10,13,14,16,12,13,08,12,21,27
LG056,CASTILLO MAL PASO,15,19,09,09,30,33,11,15,12,20,10,12,08,13,11,11,10,13,10,11,10,10,16,17,13,15,08,11,21,23
LG057,CASTILLO MAL PASO,15,18,07,09,29,32,13,14,10,13,11,13,11,12,09,10,11,13,10,13,08,09,17,18,12,15,08,12,20,24
LG058,CASTILLO MAL PASO,15,15,06,07,30,30,14,16,12,14,11,11,12,12,11,12,12,12,11,12,09,10,15,16,12,12,08,12,20,27
LG059,CASTILLO MAL PASO,16,16,06,09,31,31,15,17,12,13,11,12,14,14,11,12,10,11,11,11,09,10,14,16,13,14,08,11,26,26
LG060,CASTILLO MAL PASO,16,17,06,08,30,31,15,16,13,18,10,11,09,11,10,12,10,12,10,12,11,12,15,16,13,15,11,12,22,26
LG061,CASTILLO MAL PASO,15,16,06,07,29,31,16,17,07,12,12,12,11,12,10,11,12,12,10,11,09,12,17,19,12,12,08,11,24,27
LG062,CASTILLO MAL PASO,15,18,07,09,29,31,13,16,12,14,13,13,11,14,11,11,09,12,09,11,09,10,17,19,12,14,08,12,23,25
MP001,MONTE PATRIA,15,16,09,09,30,31,14,14,14,17,09,12,10,12,10,11,09,13,11,11,10,12,14,19,12,13,08,12,19,26
MP002,MONTE PATRIA,15,15,00,00,00,00,00,00,00,00,00,00,00,00,00,00,00,00,00,00,00,00,00,00,00,00,00,00,00,00
MP003,MONTE PATRIA,14,16,07,07,30,30,13,15,10,14,11,11,08,10,11,12,09,11,11,12,10,10,16,16,12,14,11,12,21,24
MP004,MONTE PATRIA,15,16,06,09,28,30,14,14,21,21,11,13,11,14,11,13,10,12,10,11,09,12,16,16,13,15,07,08,23,26
MP006,MONTE PATRIA,15,16,06,10,32,32,19,19,19,22,11,13,08,14,09,10,11,12,11,12,10,10,14,18,13,14,11,11,21,24
MP007,MONTE PATRIA,15,16,09,09,29,29,15,17,12,13,11,11,09,09,12,12,09,10,11,11,13,13,16,17,12,13,08,11,19,23
MP008,MONTE PATRIA,16,18,09,09,29,30,13,14,14,15,11,11,10,12,10,11,11,12,10,11,08,10,16,18,14,14,08,08,20,23
MP009,MONTE PATRIA,15,16,09,09,29,30,16,16,17,20,11,11,09,12,10,11,10,11,10,12,11,13,17,18,13,15,08,11,21,22
MP010,MONTE PATRIA,15,16,07,09,29,32,16,17,13,19,11,11,09,11,10,12,10,12,10,11,11,13,15,16,12,16,08,12,19,22
MP012,MONTE PATRIA,15,15,06,09,28,30,14,18,08,17,09,13,09,09,10,10,11,12,10,11,11,11,16,18,14,16,09,11,21,23
MP013,MONTE PATRIA,15,15,06,08,31,00,13,17,13,14,11,11,08,13,12,12,11,13,10,12,09,11,16,17,13,14,11,11,20,24
MP015,MONTE PATRIA,15,16,06,07,29,31,13,16,13,13,07,11,10,12,10,10,09,12,12,13,07,07,17,18,13,15,08,08,24,27
MP016,MONTE PATRIA,15,18,09,09,28,30,14,18,17,17,09,11,10,13,10,11,09,12,10,12,09,11,17,17,13,14,08,08,21,21
MP017,MONTE PATRIA,15,17,07,08,28,30,17,17,12,13,12,13,12,12,11,11,09,13,10,12,09,13,16,18,12,13,08,08,23,24
MP018,MONTE PATRIA,15,16,07,09,30,31,16,17,07,12,07,12,10,12,08,12,11,13,12,12,10,12,16,19,13,16,08,08,22,27
MP019,MONTE PATRIA,15,15,07,09,29,29,13,17,12,12,11,12,10,11,10,11,11,12,10,12,11,13,16,16,11,14,08,11,20,21
MP020,MONTE PATRIA,15,16,06,07,30,00,14,17,19,19,07,11,09,12,10,12,12,12,11,12,11,14,16,17,12,15,08,12,20,23
MP021,MONTE PATRIA,15,16,07,07,31,31,12,15,12,12,11,12,12,12,10,11,09,09,11,12,10,10,17,18,15,15,08,11,21,25
MP023,MONTE PATRIA,15,16,07,09,30,30,12,14,11,17,09,12,10,13,09,10,09,13,10,11,07,12,17,17,13,14,08,11,19,27
MP024,MONTE PATRIA,15,16,07,09,31,32,17,17,10,17,11,12,11,12,10,11,11,12,10,11,10,11,16,17,13,13,08,08,25,25
MP026,MONTE PATRIA,15,15,08,09,28,33,09,15,13,18,07,13,09,09,09,10,10,12,10,12,11,13,16,17,13,16,08,08,19,23
MP027,MONTE PATRIA,18,19,06,07,30,30,14,17,12,13,12,13,09,11,10,12,09,12,10,10,09,09,16,18,12,14,11,11,20,21
MP029,MONTE PATRIA,15,15,06,09,31,32,15,16,15,17,12,13,09,11,07,11,09,11,11,12,09,11,16,17,12,13,08,08,19,00
MP030,MONTE PATRIA,15,15,07,09,31,32,12,13,07,07,11,11,09,15,10,12,11,11,12,12,11,14,16,16,13,13,08,08,21,27
MP031,MONTE PATRIA,16,16,09,09,31,32,14,16,15,20,12,12,11,14,09,13,11,12,10,11,09,12,16,17,13,15,08,11,20,25
MP032,MONTE PATRIA,15,15,06,07,33,33,15,15,12,16,09,11,11,12,10,10,11,12,11,11,10,13,16,16,10,13,11,12,23,24
MP033,MONTE PATRIA,15,16,06,07,29,33,13,15,12,18,09,11,08,12,10,11,10,12,11,11,10,13,16,16,13,13,08,12,23,24
MP034,MONTE PATRIA,16,16,07,09,28,32,19,19,15,20,07,12,09,12,11,12,10,12,12,12,12,13,16,18,12,12,08,11,21,25
MP035,MONTE PATRIA,16,16,06,09,31,32,18,18,05,13,12,13,11,14,11,13,13,13,00,00,00,00,15,16,10,10,08,08,26,26
MP036,MONTE PATRIA,16,16,07,09,31,31,14,14,16,16,11,13,11,12,11,12,12,12,10,10,11,11,15,16,12,12,08,10,26,27
MP038,MONTE PATRIA,15,16,06,07,30,31,14,15,05,07,12,13,08,13,12,12,09,10,12,12,12,13,15,17,12,15,08,11,25,26
MP040,MONTE PATRIA,15,15,07,08,29,31,12,14,13,21,11,11,11,11,08,11,12,12,10,11,11,14,16,16,13,14,09,11,19,19
VP001,LA POLVADA,15,16,06,09,30,31,14,14,18,20,08,09,09,12,12,12,12,12,10,12,09,09,15,16,10,13,08,11,20,21
VP005,LA POLVADA,14,18,07,10,29,31,11,14,10,10,11,12,08,11,11,12,09,12,12,13,10,12,16,17,12,15,08,08,24,25
VP006,LA POLVADA,15,16,07,07,29,31,14,14,07,10,07,11,11,11,10,11,09,12,10,12,09,14,15,16,10,12,08,11,22,26
VP007,LA POLVADA,16,16,06,09,31,33,16,17,15,21,11,12,10,14,12,12,11,11,10,12,10,11,16,20,10,15,08,12,23,26
