"Ind","Pop","D3S1358","D3S1358","TH01","TH01","D21S11","D21S11","D18S51","D18S51","Penta.E","Penta.E","D5S818","D5S818","D13S317","D13S317","D7S820","D7S820","D16S539","D16S539","CSF1PO","CSF1PO","Penta.D","Penta.D","vWA","vWA","D8S1179","D8S1179"
"BZ001","BARRAZA",15,16,9.3,9.3,32.2,33.2,14,15,7,20,9,9,10,13,8,11,9,12,10,11,12,13,16,19,11,11
"BZ002","BARRAZA",15,17,6,8,29,29,14,14,10,14,11,11,13,14,11,11,10,12,11,12,12,13,17,18,12,13
"BZ004","BARRAZA",15,16,7,9,29,30,12,21,17,19,9,11,11,13,10,12,9,12,12,12,13,14,16,16,12,15
"BZ005","BARRAZA",15,16,7,7,28,29,13,16,17,18,11,11,8,13,11,14,10,11,12,12,7,9,17,17,13,13
"BZ006","BARRAZA",16,17,6,7,29,33.2,15,19,11,12,10,11,9,12,11,12,9,12,12,12,10,12,18,19,10,14
"BZ008","BARRAZA",15,16,6,7,28,31.2,14,15,13,17,11,11,12,13,10,12,10,12,12,13,10,13,17,17,10,15
"BZ011","BARRAZA",15,18,7,8,29,30,13,15,11,20,12,13,9,12,10,11,10,10,10,11,10,13,15,15,10,15
"BZ013","BARRAZA",15,18,8,9,29,32.2,18,18,12,22,12,12,11,11,10,12,9,9,12,12,10,10,16,17,13,13
"BZ015","BARRAZA",15,15,8,9.3,29,31,12,14,8,11,11,13,8,14,12,13,10,10,12,12,10,11,16,19,11,13
"BZ016","BARRAZA",17,18,7,7,28,29,13,15,11,12,11,12,9,12,11,12,9,10,11,11,9,10,15,18,13,15
"BZ017","BARRAZA",15,18,6,7,29,33.2,13,14,17,17,12,12,9,12,10,12,10,12,11,12,11,13,15,15,13,14
"BZ018b","BARRAZA",15,15,7,9.3,30,30,14,16,7,19,7,10,10,12,11,12,9,13,11,11,10,12,16,17,13,13
"BZ020","BARRAZA",15,18,7,8,30,32.2,12,22,12,12,10,11,9,11,11,12,9,11,10,12,7,9,16,17,10,15
"BZ021","BARRAZA",15,17,7,9.3,29,30,13,17,14,15,9,11,11,11,7,11,9,9,10,11,10,12,15,19,12,12
"BZ023","BARRAZA",NA,NA,NA,NA,NA,NA,NA,NA,NA,NA,NA,NA,NA,NA,NA,NA,NA,NA,NA,NA,NA,NA,NA,NA,NA,NA
"BZ024","BARRAZA",15,16,9.3,9.3,27,32.2,14,16,13,18,11,12,9,12,10,10,12,13,11,12,10,11,16,19,12,13
"BZ025","BARRAZA",15,16,6,7,29,30,15,15,11,19,11,11,12,13,9,10,10,12,11,12,9,13,17,17,11,13
"BZ026","BARRAZA",14,15,9.3,9.3,30,31,12,14,11,13,11,11,11,14,10,12,10,11,10,12,10,15,16,19,15,15
"BZ027","BARRAZA",15,18,7,9.3,30,31,13,15,18,21,11,13,10,13,11,11,10,11,10,11,9,12,16,19,13,14
"BZ028","BARRAZA",14,18,6,7,30,30,14,19,7,15,7,11,8,13,11,11,12,13,12,12,10,13,15,17,12,13
"BZ030","BARRAZA",14,16,6,9.3,30,32.2,14,15,12,12,7,10,12,14,8,9,11,12,10,12,12,13,16,17,14,15
"BZ032","BARRAZA",14,15,7,7,29,32.2,12,15,13,18,11,12,11,14,9,11,10,12,10,12,9,10,17,17,12,15
"BZ033","BARRAZA",15,17,6,9.3,28,32.2,11,14,7,13,9,11,9,12,9,10,9,12,11,12,9,10,16,19,12,13
"BZ034","BARRAZA",15,16,7,9.3,29,32.2,15,17,7,12,12,12,10,14,9,11,10,13,10,12,9,11,16,17,13,13
"BZ035","BARRAZA",15,16,6,7,31,31.2,18,18,15,17,9,11,11,13,11,12,9,11,12,12,9,9,18,19,13,13
"BZ036","BARRAZA",16,18,7,9.3,29,32.2,13,17,7,17,11,11,12,13,11,12,12,12,11,11,13,13,17,17,12,14
"BZ037","BARRAZA",15,18,6,9.3,30,30,14,18,11,16,9,13,9,11,10,10,10,11,10,11,9,10,15,18,13,13
"BZ040","BARRAZA",16,16,6,9.3,30,30,14,20,15,18,11,12,9,12,8,10,9,10,10,11,10,12,17,17,12,14
"BZ041","BARRAZA",15,17,6,9.3,28,30,10,13,11,16,12,12,11,13,11,11,9,9,10,11,12,13,16,16,14,16
"CA002","CANELILLA_OVALLE",16,18,6,9.3,31.2,31.2,13,17,13,15,11,12,13,14,10,11,12,12,11,12,10,11,14,16,13,13
"CA005","CANELILLA_OVALLE",15,15,7,9,30,32.2,13,15,12,14,11,12,10,12,11,11,12,13,11,11,10,11,17,19,11,12
"CA006","CANELILLA_OVALLE",16,17,9,9.3,28,34.2,13,17,12,14,12,13,10,12,11,12,11,13,11,11,10,12,18,19,12,15
"CA007","CANELILLA_OVALLE",13,15,6,9.3,30,30,13,18,15,17,11,12,12,13,11,11,11,12,11,12,10,11,14,16,15,15
"CA009","CANELILLA_OVALLE",14,15,6,9.3,29,33.2,12,12,11,15,11,12,12,13,12,13,9,12,11,12,9,12,16,16,13,15
"CA010","CANELILLA_OVALLE",17,17,6,7,30,30,12,16,15,18,9,9,9,12,10,12,12,13,10,11,11,13,16,18,10,13
"CA011","CANELILLA_OVALLE",17,17,8,9,28,33.2,13,17,10,14,11,13,10,12,11,12,13,13,11,11,12,14,19,19,14,15
"CA012","CANELILLA_OVALLE",15,15,6,8,28,30,12,13,12,14,7,13,12,14,8,12,9,9,12,13,11,13,15,16,12,13
"CA013","CANELILLA_OVALLE",15,15,7,9.3,29,31,18,21,7,12,12,12,9,12,10,11,11,12,11,11,7,12,16,16,13,16
"CA014","CANELILLA_OVALLE",15,16,6,7,29,31.2,15,16,9,13,12,13,9,15,8,11,11,13,10,13,9,11,17,18,11,13
"CA015","CANELILLA_OVALLE",15,18,7,9,28,29,15,16,11,17,11,12,11,12,10,12,11,11,10,13,10,11,16,18,12,13
"CA016","CANELILLA_OVALLE",15,16,6,9.3,30,32.2,15,17,12,16,11,12,12,14,8,9,12,13,9,11,10,11,17,19,13,14
"CA017","CANELILLA_OVALLE",16,18,6,6,28,30,14,15,10,16,11,13,11,14,11,11,10,11,11,11,12,12,17,18,13,13
"CA018","CANELILLA_OVALLE",15,16,6,9.3,29,30,12,17,15,20,10,12,12,13,8,10,9,12,11,12,7,13,17,18,15,16
"CA019","CANELILLA_OVALLE",15,16,9.3,9.3,32.2,32.2,15,17,12,13,12,12,12,12,8,11,11,12,11,11,10,10,17,19,11,11
"CA020","CANELILLA_OVALLE",16,16,9,9,31,33.2,14,20,17,19,11,11,10,11,11,12,12,12,11,11,11,12,17,18,11,13
"CA022","CANELILLA_OVALLE",15,19,6,9.3,27,33.2,12,20,19,20,11,11,8,10,11,12,10,12,11,11,11,12,16,18,11,13
"CA023","CANELILLA_OVALLE",15,15,6,7,30,30,12,12,12,20,11,12,10,14,8,12,12,13,10,10,7,10,18,19,11,13
"CB002","CANELA_BAJA",15,15,6,9.3,31.2,31.2,14,15,7,15,11,12,11,12,9,10,11,13,10,11,13,13,16,18,12,12
"CB003","CANELA_BAJA",16,16,7,9.3,28,31,13,14,16,21,7,12,9,12,10,10,13,13,9,10,10,11,16,18,13,15
"CB004","CANELA_BAJA",15,16,6,7,31.2,31.2,14,17,8,10,11,11,11,12,10,11,12,12,11,12,12,12,16,17,13,14
"CB005","CANELA_BAJA",15,15,6,7,30,30,15,15,12,16,11,12,8,9,10,11,10,11,11,11,9,11,16,16,11,14
"CB006","CANELA_BAJA",15,16,6,9,29,31.2,14,15,15,18,11,13,8,10,10,11,10,12,11,12,9,10,16,19,13,14
"CB007","CANELA_BAJA",15,16,8,8,31.2,32.2,14,18,7,7,11,12,8,9,10,12,12,12,12,12,9,12,16,16,12,14
"CB008","CANELA_BAJA",15,18,6,7,32.2,33.2,17,19,13,19,11,12,8,14,11,12,11,12,9,10,7,11,14,18,12,12
"CB009","CANELA_BAJA",14,15,6,9.3,29,32.2,14,14,10,14,11,12,11,12,10,11,9,13,11,12,11,13,17,18,14,15
"CB010","CANELA_BAJA",15,15,7,7,30,30,14,18,13,24,9,11,13,13,10,11,10,12,10,12,10,11,16,17,12,13
"CB011","CANELA_BAJA",15,18,6,6,30,32.2,13,14,10,12,11,13,9,13,11,12,9,13,11,12,9,12,17,17,14,14
"CB012","CANELA_BAJA",13,18,8,9,30,30,12,13,14,15,11,11,11,12,9,11,9,13,10,12,9,10,17,18,13,13
"CB013","CANELA_BAJA",15,15,9.3,9.3,28,32.2,12,16,7,7,11,11,8,11,10,11,11,13,11,11,9,13,18,18,12,15
"CB014","CANELA_BAJA",15,16,6,6,31.2,32,15,19,11,17,11,11,9,13,10,10,10,12,11,12,13,14,17,18,10,13
"CB015","CANELA_BAJA",16,18,7,9,31,33.2,16,20,7,10,7,11,9,14,11,12,9,11,12,12,12,13,15,16,10,12
"CB017","CANELA_BAJA",14,15,6,6,30,32.2,13,14,11,16,11,11,9,9,9,13,9,11,10,11,10,12,16,19,16,16
"CB018","CANELA_BAJA",15,16,6,6,30,31.2,14,17,15,18,11,13,8,9,8,10,12,13,12,12,10,12,17,19,13,17
"CB019","CANELA_BAJA",14,15,7,9,28,31.2,15,15,12,12,12,13,12,13,10,12,10,11,9,10,11,12,16,17,12,13
"CB020","CANELA_BAJA",14,16,6,9.3,28,31.2,13,17,7,7,11,11,11,11,8,9,12,13,11,12,9,9,16,17,13,14
"CB021","CANELA_BAJA",15,18,6,7,30,32.2,14,19,15,16,11,11,9,13,11,12,11,12,13,13,7,13,15,16,15,15
"CB022","CANELA_BAJA",15,17,6,7,30,32.2,14,18,7,19,13,13,11,13,10,11,10,13,11,13,11,13,16,18,12,15
"CB023","CANELA_BAJA",15,15,6,9.3,29,30,15,18,7,12,13,13,8,9,9,11,9,12,12,12,10,11,14,14,11,16
"CB024","CANELA_BAJA",15,16,6,6,31.2,32.2,15,16,10,15,11,13,12,13,9,10,11,13,10,11,11,13,16,18,12,14
"CB025","CANELA_BAJA",15,15,6,9.3,30,30,14,18,10,12,7,11,8,9,10,11,9,12,10,12,2.2,10,17,17,12,13
"CB026","CANELA_BAJA",15,15,6,7,30,32.2,16,16,21,21,11,12,10,15,9,10,9,10,11,11,9,13,16,17,13,14
"CB027","CANELA_BAJA",14,15,6,9.3,30,33.2,13,17,12,12,10,13,11,12,10,10,12,13,12,12,11,13,17,18,14,15
"CB028","CANELA_BAJA",15,17,6,9.3,31.2,32.2,16,19,7,19,11,13,12,13,10,11,10,11,11,12,9,12,16,18,14,15
"CB029","CANELA_BAJA",15,15,6,7,29,33.2,15,17,12,23,12,12,11,11,10,11,11,12,8,13,9,10,16,18,10,14
"CB030","CANELA_BAJA",15,16,8,9.3,31,31.2,12,24,7,12,10,11,11,11,7,11,10,11,10,12,10,10,14,17,13,14
"CB031","CANELA_BAJA",16,18,6,7,27,30,14,15,7,15,11,12,11,12,9,11,11,13,10,11,13,13,16,16,12,12
"CB033","CANELA_BAJA",15,18,6,7,32.2,33.2,13,14,7,11,7,12,12,12,10,10,9,11,10,14,9,10,16,18,13,14
"CB034","CANELA_BAJA",15,15,7,8,30,NA,14,15,13,15,12,12,8,10,10,12,10,13,12,12,10,11,16,17,13,13
"CB035","CANELA_BAJA",15,16,6,9,30,31,17,18,12,19,10,11,11,14,10,11,11,12,10,12,8,13,16,17,13,14
"CB036","CANELA_BAJA",16,16,7,8,28,31,13,18,12,15,7,13,12,14,7,11,12,12,12,12,10,12,16,18,11,13
"CB037","CANELA_BAJA",15,15,7,7,31,32.2,12,17,13,16,12,12,9,12,10,12,11,12,11,12,7,11,17,19,13,13
"CB038","CANELA_BAJA",15,16,7,8,29,29,13,18,10,18,9,11,11,12,12,12,13,13,11,12,9,12,16,18,11,13
"CB039","CANELA_BAJA",15,16,6,7,31.2,32.2,13,13,9,23,11,12,8,9,10,11,11,12,12,12,10,13,16,16,13,15
"CB041","CANELA_BAJA",16,17,6,7,30,30,14,15,12,13,12,13,9,12,9,9,12,12,11,12,11,12,14,18,14,15
"CB042","CANELA_BAJA",15,18,6,8,29,33.2,14,17,12,15,11,11,9,9,10,11,12,14,10,12,9,11,16,17,13,15
"CB043","CANELA_BAJA",14,15,7,9.3,30,30,12,13,12,12,11,13,11,13,10,12,10,12,12,13,9,10,17,18,15,15
"CB044","CANELA_BAJA",15,16,6,6,30,30,13,15,13,19,11,11,11,13,10,10,9,11,11,12,10,13,16,17,12,14
"CB045","CANELA_BAJA",16,16,6,7,29,30,18,18,12,13,11,11,12,13,10,13,9,11,10,12,9,10,15,17,11,12
"CB046","CANELA_BAJA",16,19,7,9,30,31.2,18,18,12,12,11,12,10,14,12,12,12,12,11,12,10,10,16,18,9,12
"CB047","CANELA_BAJA",15,17,7,7,30,33.2,13,14,7,12,7,10,11,14,10,12,11,13,10,12,11,12,17,18,14,15
"CB048","CANELA_BAJA",15,18,6,9,27,30,17,20,14,18,11,11,9,12,10,11,12,13,11,11,9,11,15,17,13,15
"CB049","CANELA_BAJA",15,15,6,7,30,30,12,17,10,15,12,12,12,13,9,10,11,12,11,12,10,13,16,17,12,15
"CB050","CANELA_BAJA",15,15,7,7,30,33.2,15,15,13,14,7,11,8,10,8,12,11,13,10,12,9,10,16,17,13,13
"CB051","CANELA_BAJA",16,18,6,7,27,31.2,14,15,7,15,11,11,12,13,8,10,9,13,11,11,7,11,18,19,12,14
"CB052","CANELA_BAJA",14,16,8,9,30,34.2,16,19,12,15,12,13,10,14,10,12,11,13,11,12,10,14,14,16,12,15
"CB053","CANELA_BAJA",15,18,6,8,30,31.2,14,17,13,14,11,12,10,11,8,9,12,13,11,13,10,11,16,17,14,14
"CB054","CANELA_BAJA",16,18,7,9,28,30,14,17,11,17,12,12,9,10,10,11,11,11,12,12,7,10,17,19,10,11
"CB055","CANELA_BAJA",15,16,6,6,29,30,14,17,12,12,9,11,10,11,10,11,9,11,11,11,13,13,16,18,12,13
"CB057","CANELA_BAJA",15,16,7,9,30,31.2,14,18,14,15,11,12,8,12,10,11,9,12,11,11,11,12,16,17,10,14
"CB059","CANELA_BAJA",15,15,9,9.3,30,31.2,15,17,12,14,11,11,8,11,10,10,11,12,11,12,10,10,16,16,13,13
"CB061","CANELA_BAJA",15,15,7,9.3,29,31.2,12,17,14,16,7,12,10,12,9,11,11,12,11,11,7,9,15,17,13,14
"CB063","CANELA_BAJA",15,18,7,9,31.2,32.2,15,17,12,12,11,11,9,10,10,11,12,12,10,11,9,14,15,17,10,13
"CB064","CANELA_BAJA",15,16,6,9,29,30,14,15,16,19,11,11,11,12,8,12,11,13,10,12,11,12,16,16,11,13
"CB065","CANELA_BAJA",15,17,6,9,31,34.2,14,15,5,16,11,12,10,12,12,12,9,11,10,12,9,13,16,19,10,15
"CB066","CANELA_BAJA",16,16,6,9.3,27,31,12,15,11,16,11,12,8,14,9,10,10,10,11,12,9,13,16,16,13,14
"CB070","CANELA_BAJA",14,15,6,7,29,30.2,15,16,10,15,11,12,12,13,10,12,9,12,11,12,10,10,16,20,13,13
"CB071","CANELA_BAJA",15,15,6,7,31,32,17,17,11,17,11,11,11,13,9,11,9,11,10,10,10,13,14,16,13,15
"CB072","CANELA_BAJA",15,15,7,9.3,30.2,31,17,21,12,15,7,12,9,10,10,11,9,10,11,12,11,12,14,16,12,12
"CB073","CANELA_BAJA",NA,NA,NA,NA,NA,NA,17,21,NA,NA,NA,NA,NA,NA,NA,NA,NA,NA,NA,NA,NA,NA,NA,NA,NA,NA
"CB074","CANELA_BAJA",15,16,7,8,28,30,14,15,7,7,11,11,12,14,8,12,11,12,11,12,9,9,17,17,11,12
"CB075","CANELA_BAJA",15,16,7,7,29,31,13,17,11,15,11,12,12,13,11,11,9,11,10,12,10,13,14,16,12,13
"CB076","CANELA_BAJA",15,17,6,7,29,29,17,17,12,14,7,12,9,9,11,11,12,12,10,11,14,14,16,16,13,13
"CB077","CANELA_BAJA",15,15,7,9.3,31.2,33.2,9,13,7,7,11,12,12,14,10,12,9,11,10,12,9,10,18,18,11,15
"CB078","CANELA_BAJA",16,17,7,9,30,32.2,16,18,10,17,11,14,9,13,10,12,9,11,12,12,9,10,17,17,13,15
"CB079","CANELA_BAJA",15,16,6,9.3,29,30,14,18,12,13,11,13,9,12,11,11,11,11,10,12,9,10,14,14,10,15
"CB080","CANELA_BAJA",15,15,7,9,30,30,13,16,14,14,11,12,12,13,10,11,12,12,10,11,8,9,17,17,12,13
"CB081","CANELA_BAJA",15,18,6,6,31.2,32.2,12,14,10,14,7,13,9,14,11,12,11,12,12,12,10,14,16,16,10,12
"CB082","CANELA_BAJA",14,18,9.3,9.3,29,32.2,11,20,12,19,7,12,9,13,8,8,9,11,10,13,9,10,18,19,12,13
"CB083","CANELA_BAJA",15,18,9.3,9.3,29,31.2,14,14,10,10,9,9,9,14,10,13,11,12,10,10,10,11,14,14,10,15
"CB084","CANELA_BAJA",16,16,7,9,29,31,13,14,12,15,12,13,8,9,11,12,9,12,10,11,10,12,16,16,11,14
"CB085","CANELA_BAJA",15,16,9.3,9.3,29,30,14,19,7,8,11,12,9,12,11,12,12,13,12,13,11,15,17,18,11,15
"CB086","CANELA_BAJA",15,16,6,7,31.2,32.2,12,13,13,17,11,12,9,14,10,12,11,11,10,10,10,10,18,18,13,14
"CB087","CANELA_BAJA",16,17,7,9,30,32.2,18,18,10,17,11,14,9,13,10,12,9,9,12,12,9,10,17,17,13,15
"CB088","CANELA_BAJA",14,15,7,7,30,33,15,17,12,15,11,11,11,11,11,12,12,13,11,12,13,14,13,17,13,16
"CB089","CANELA_BAJA",15,16,7,7,31.2,32.2,12,15,10,18,11,11,9,10,8,10,9,13,11,13,9,10,17,18,10,15
"CB090","CANELA_BAJA",15,16,8,8,30,32.2,15,16,12,14,11,12,11,14,10,12,11,12,12,12,10,11,16,17,12,13
"CB091","CANELA_BAJA",17,17,6,9.3,29,29,12,15,10,23,12,12,9,12,9,11,9,11,9,11,9,12,17,19,14,14
"CB092","CANELA_BAJA",15,16,9,9.3,33,33.2,14,16,15,18,11,11,9,12,12,12,10,12,12,12,12,13,16,18,13,15
"CB093","CANELA_BAJA",14,15,7,9.3,30,30,13,13,12,12,12,12,10,11,10,12,11,12,10,10,13,13,16,16,14,14
"CB094","CANELA_BAJA",14,15,7,7,31,32.2,10,14,7,14,11,12,12,14,8,11,11,11,11,12,10,13,16,17,14,15
"CB095","CANELA_BAJA",15,18,6,7,28,29,14,18,7,10,7,9,9,10,9,11,11,11,12,12,10,13,16,17,12,15
"CB096","CANELA_BAJA",15,15,6,7,30,30.2,17,21,15,15,11,12,10,11,11,12,12,14,7,12,10,10,16,18,10,14
"CB097","CANELA_BAJA",14,15,6,9,28,30,15,18,11,15,7,11,9,12,11,11,12,12,11,12,9,10,14,17,13,13
"CB098","CANELA_BAJA",15,17,6,6,30,32.2,13,14,15,17,12,12,10,12,8,9,11,12,11,13,10,13,15,18,12,13
"CB100","CANELA_BAJA",17,17,7,9.3,32,32.2,13,18,17,19,11,11,9,11,10,11,9,10,11,11,9,11,14,16,13,15
"CB101","CANELA_BAJA",15,18,7,9.3,30,31.2,11,15,5,21,10,11,10,12,10,11,11,11,10,12,10,12,17,17,13,14
"CB104","CANELA_BAJA",15,16,9,9.3,30,32.2,17,18,10,17,9,14,11,13,12,12,10,10,10,12,9,10,18,19,10,13
"CB105","CANELA_BAJA",15,16,8,9,30,31.2,12,14,15,21,9,12,9,13,10,11,9,11,10,10,12,14,14,14,14,14
"CB106","CANELA_BAJA",16,17,6,9,30,32.2,13,15,11,13,11,13,8,10,8,12,12,13,9,10,9,12,16,18,12,15
"CB107","CANELA_BAJA",15,16,9,9.3,30,32.2,15,16,12,13,11,13,9,12,10,10,12,13,9,12,9,12,16,16,12,13
"CB108","CANELA_BAJA",15,16,6,7,30,30,12,17,7,14,11,12,8,9,10,11,11,11,11,12,10,14,16,17,12,15
"CB109","CANELA_BAJA",14,18,6,7,28,33.2,13,16,12,14,11,11,9,13,11,12,10,11,12,12,10,12,15,19,13,15
"CB110","CANELA_BAJA",15,16,6,9,28,31.2,13,15,7,12,11,11,10,11,8,11,12,13,9,11,9,11,16,19,11,16
"CB111","CANELA_BAJA",15,16,6,9,30,30,14,16,7,16,11,11,12,12,11,11,10,11,11,11,10,10,16,17,14,14
"CB112","CANELA_BAJA",15,18,6,7,27,30,12,17,15,19,9,11,8,10,8,11,9,11,10,11,9,10,17,17,14,15
"CB115","CANELA_BAJA",14,15,6,6,31,34.2,17,19,7,8,11,13,11,11,12,12,10,14,10,13,10,10,16,16,13,15
"CB116","CANELA_BAJA",15,15,9.3,9.3,29,33.2,14,16,13,14,10,12,9,13,12,13,10,11,11,12,9,10,14,16,12,13
"CB118","CANELA_BAJA",15,16,7,9,29,31,13,16,5,15,11,12,11,11,10,10,11,12,11,12,12,13,18,18,12,13
"CB119","CANELA_BAJA",14,15,6,7,31,31.2,17,19,8,11,11,13,11,11,12,12,10,12,12,13,10,10,16,16,13,15
"CB123","CANELA_BAJA",14,14,7,9.3,30,32.2,15,15,15,15,9,9,9,9,11,11,9,9,11,11,12,14,16,17,13,15
"CB124","CANELA_BAJA",15,16,7,9.3,29,31.2,12,17,12,16,7,11,8,12,11,11,12,13,10,11,12,14,17,18,13,14
"CB126","CANELA_BAJA",15,16,7,9.3,27,30,15,18,15,18,11,12,9,11,11,12,12,14,12,13,9,11,14,16,13,13
"CB130","CANELA_BAJA",15,15,6,7,27,31.2,20,20,13,17,12,12,9,15,10,11,11,12,11,11,9,11,18,19,12,12
"CB133","CANELA_BAJA",15,16,8,9.3,28,30,14,14,6,12,11,13,13,14,11,11,10,11,10,10,13,13,16,17,10,14
"CB134","CANELA_BAJA",15,15,6,9.3,30,30,12,14,7,13,11,11,8,11,7,10,10,11,12,12,10,10,15,16,14,15
"CB135","CANELA_BAJA",18,18,6,7,29,31.2,13,14,7,7,11,11,10,14,10,12,11,13,11,12,10,13,16,17,11,15
"CB136","CANELA_BAJA",15,18,7,9.3,27,30,12,17,12,14,12,12,9,10,10,12,9,12,10,13,11,12,17,17,13,13
"CB137","CANELA_BAJA",14,17,6,9.3,27,31.2,16,18,7,12,8,12,8,12,10,11,12,12,10,11,12,14,16,17,12,12
"CB138","CANELA_BAJA",15,18,7,9.3,27,30,12,17,12,14,12,13,9,10,10,12,9,12,10,13,11,12,17,17,13,13
"CB139","CANELA_BAJA",15,15,6,9,27,31.2,13,16,7,15,11,12,11,14,10,11,11,11,11,13,11,11,16,18,12,15
"CB141","CANELA_BAJA",15,16,9.3,9.3,29,30,12,15,7,12,11,13,9,11,8,11,11,12,10,11,10,12,17,18,13,13
"CB143","CANELA_BAJA",15,16,6,7,30,31,12,14,12,15,11,12,9,14,11,12,11,12,13,13,9,12,15,17,14,15
"CB144","CANELA_BAJA",16,17,7,9.3,30,32.2,12,15,14,19,7,11,9,11,10,10,12,13,10,11,12,13,16,17,13,14
"CB145","CANELA_BAJA",16,16,6,6,29,30,17,17,7,12,7,11,10,11,11,13,9,12,10,10,9,12,16,18,15,16
"CB146","CANELA_BAJA",15,16,7,9.3,28,30,13,22,12,20,11,12,12,13,11,12,9,11,12,12,12,13,18,19,13,16
"CB147","CANELA_BAJA",14,16,6,9.3,30,32.2,14,15,12,12,7,10,12,14,8,9,11,12,10,12,12,13,16,17,14,15
"CB148","CANELA_BAJA",14,15,6,8,29,29,13,14,12,18,9,11,12,15,9,12,11,13,10,11,9,9,16,18,11,14
"CB149","CANELA_BAJA",14,17,7,9.3,28,28,14,15,5,19,7,10,9,12,10,11,11,12,11,11,10,12,16,18,13,15
"CB153","CANELA_BAJA",15,16,7,9,30,31.2,17,18,7,7,11,11,13,13,10,12,9,11,9,11,9,10,16,17,11,11
"CB155","CANELA_BAJA",15,15,7,9,27,33.2,13,17,7,15,12,12,8,11,10,11,11,11,11,11,11,13,16,19,12,15
"CB158","CANELA_BAJA",14,17,6,7,28,30,15,16,15,15,11,11,11,14,11,11,10,11,11,13,9,10,15,15,9,11
"CB163","CANELA_BAJA",15,16,6,9,29,31,17,17,11,14,11,12,8,11,10,11,9,12,11,12,10,11,16,16,13,14
"CB165","CANELA_BAJA",15,16,6,7,30,32.2,13,14,14,17,11,12,12,13,10,12,12,13,12,12,9,12,16,17,13,13
"CB167","CANELA_BAJA",15,17,9.3,9.3,29,32.2,12,16,7,23,11,11,12,12,10,11,12,13,11,12,11,11,16,18,12,13
"CB168","CANELA_BAJA",15,16,7,9.3,30,30,13,22,12,12,11,13,12,13,11,12,9,11,12,12,9,13,14,16,13,16
"CB169","CANELA_BAJA",14,17,6,8,29,30.2,11,16,11,16,12,13,12,14,11,13,11,11,10,11,12,14,17,17,13,14
"CB171","CANELA_BAJA",15,16,6,9,31.2,33.2,13,17,9,18,7,11,11,14,7,8,12,12,10,15,12,12,16,16,8,13
"CB173","CANELA_BAJA",15,16,7,8,29,30,12,14,14,15,11,11,10,12,11,12,11,12,10,13,11,13,16,18,13,14
"CB175","CANELA_BAJA",14,15,6,7,30,32.2,14,18,14,16,11,11,11,11,8,11,12,12,10,10,12,12,18,18,13,14
"CB177","CANELA_BAJA",15,18,6,9.3,29,31.2,15,19,10,14,11,11,12,14,11,13,11,11,12,12,9,15,18,18,13,15
"CB179","CANELA_BAJA",16,18,9,9.3,29,30,14,15,14,14,7,11,11,14,10,11,11,12,10,12,10,15,18,18,11,13
"CB181","CANELA_BAJA",15,16,7,9,29,33.2,12,14,7,18,7,12,11,11,11,12,9,12,11,12,12,12,16,17,13,14
"CB185","CANELA_BAJA",15,16,7,9,30,32.2,13,14,11,12,11,12,12,14,10,12,9,13,11,12,10,10,14,17,13,13
"CL003","LA_CALERA",15,17,7,7,32.2,32.2,13,14,11,18,11,13,11,12,9,11,NA,NA,12,12,12,13,16,17,13,13
"CL004","LA_CALERA",15,16,7,7,30,30,15,17,11,12,11,11,12,13,10,11,9,9,9,12,9,9,16,17,12,15
"CL005","LA_CALERA",15,16,6,9.3,28,33.2,16,17,12,13,7,12,11,13,10,11,9,12,10,10,10,11,15,17,13,13
"CL006","LA_CALERA",15,16,7,9,28,30,14,14,12,13,11,11,9,10,8,9,9,10,12,12,10,13,17,17,11,11
"CL007","LA_CALERA",14,17,8,9.3,29,33.2,14,16,15,18,11,12,9,12,12,12,9,12,11,11,9,10,14,17,13,15
"CL008","LA_CALERA",16,17,6,7,29,32.2,12,14,15,18,10,11,12,13,11,13,10,11,10,12,10,13,15,17,13,14
"CL009","LA_CALERA",15,16,6,6,29,32.2,11,14,14,16,11,11,11,13,8,11,9,11,11,11,10,12,16,17,12,15
"CL010","LA_CALERA",15,15,6,9,29,32.2,12,14,13,16,11,11,12,13,11,11,11,11,10,11,10,12,17,19,15,15
"CL011","LA_CALERA",14,15,8,9,29,30,14,15,12,15,11,12,11,11,10,11,11,14,11,12,10,11,17,17,10,14
"CL012","LA_CALERA",14,15,9,9.3,30,32.2,12,18,13,16,11,12,12,13,11,11,11,12,10,11,9,10,16,17,14,15
"CL013","LA_CALERA",14,16,7,9,29,30,14,14,12,16,11,11,10,11,9,12,9,10,11,11,10,12,17,19,11,14
"CL014","LA_CALERA",15,16,7,9.3,31,31,14,15,12,13,10,11,12,12,9,11,9,11,9,11,10,14,15,16,13,13
"CL017","LA_CALERA",15,16,7,9.3,30,31,12,13,13,15,10,11,12,14,8,12,12,12,11,12,12,12,16,18,14,14
"CL018","LA_CALERA",16,18,7,7,28,28,12,20,11,15,10,12,10,12,9,12,10,12,12,13,9,9,16,19,13,15
"CL019","LA_CALERA",15,16,9.3,9.3,30,32.2,13,14,11,13,10,11,12,13,12,13,12,12,11,12,10,12,15,17,14,14
"CL020","LA_CALERA",15,15,6,7,29,33.2,14,14,15,16,11,12,9,12,11,12,10,11,10,11,11,12,17,19,14,15
"CL021","LA_CALERA",16,16,7,9,31,31.2,12,15,12,22,7,13,9,12,10,10,9,12,11,11,11,12,17,17,13,15
"CL022","LA_CALERA",15,16,7,7,28,30,17,21,12,14,11,12,10,12,9,10,9,11,11,12,9,10,16,18,11,15
"CL023","LA_CALERA",16,16,9,9.3,30,31,12,14,5,22,7,11,12,12,8,10,9,9,10,11,10,12,17,17,13,15
"CL024","LA_CALERA",16,16,7,9,31,31.2,12,14,12,22,11,12,12,12,8,11,9,12,10,11,10,10,17,17,13,15
"CL025","LA_CALERA",15,15,7,8,30,30,17,18,13,15,11,11,13,13,8,10,9,9,12,13,9,14,16,17,12,14
"CL027","LA_CALERA",15,16,7,9,30,30,12,17,12,17,10,10,9,13,10,12,10,13,14,14,10,14,14,17,12,13
"CL028","LA_CALERA",15,16,8,9,27,33.2,13,14,11,17,11,12,9,12,12,13,11,13,11,12,12,13,17,18,11,15
"CL029","LA_CALERA",14,18,9,9.3,31.2,31.2,14,20,14,18,12,13,8,12,11,11,11,13,11,12,9,12,17,17,13,14
"CL030","LA_CALERA",15,17,6,6,28,33.2,16,16,12,17,9,13,11,13,10,12,12,12,11,11,11,14,16,17,10,12
"CL032","LA_CALERA",14,15,6,9,32.2,32.2,13,14,7,13,11,12,12,13,11,11,11,11,10,11,12,13,17,17,15,15
"CL033","LA_CALERA",15,16,7,9.3,29,31,18,21,7,12,12,12,9,12,10,11,11,12,11,11,7,12,16,16,13,16
"CLS40","LA_CALERA",17,18,9.3,9.3,29,31,15,16,11,18,11,11,12,12,7,11,11,12,10,10,9,10,14,17,10,13
"CR001","LA_CALERA",15,16,6,7,29,30,14,16,7,17,7,11,10,12,9,12,9,12,10,12,10,11,17,19,14,16
"CR004","LA_CALERA",15,15,6,7,28,31.2,14,17,11,17,11,11,10,12,8,11,10,13,12,13,9,13,14,15,12,13
"CR005","LA_CALERA",15,15,6,6,32.2,33.2,13,14,10,15,8,12,11,12,11,12,9,10,11,13,10,11,14,15,13,13
"CR006","LA_CALERA",14,17,6,8,30.2,31,14,15,12,19,11,11,12,12,11,12,11,13,9,11,9,11,17,18,13,14
"CR007","LA_CALERA",14,17,6,9.3,30,33.2,15,15,11,16,12,12,8,10,11,12,11,12,11,11,9,11,14,17,14,15
"CR008","LA_CALERA",14,18,6,6,29,31.2,12,15,15,17,12,12,11,13,8,11,12,12,10,10,10,13,17,18,13,14
"CR009","LA_CALERA",14,15,9.3,9.3,30,31.2,15,16,12,15,10,12,9,9,10,12,11,12,10,10,10,12,16,17,14,15
"CR010","LA_CALERA",15,18,6,7,28,29,15,16,11,18,11,12,10,11,10,10,10,12,9,13,10,13,16,18,10,11
"CR011","LA_CALERA",15,16,6,9,31,31.2,12,20,16,18,11,12,10,12,10,11,11,11,11,12,10,12,17,18,10,13
"CR012","LA_CALERA",15,15,9,9.3,31,31.2,16,20,14,18,7,12,10,12,11,11,10,11,11,12,10,14,15,17,13,15
"CR013","LA_CALERA",15,18,9,9,30.2,33.2,14,17,10,10,7,11,12,12,11,12,11,12,10,10,9,12,17,17,13,14
"CR014","LA_CALERA",15,16,6,6,28,29,12,21,15,20,11,13,12,14,10,11,12,13,10,10,10,12,16,17,10,11
"CR015","LA_CALERA",15,15,9.3,9.3,29,30.2,14,14,11,20,9,10,12,12,10,12,9,13,11,12,11,12,16,17,13,14
"DV001","EL_Divisadero",16,16,7,9.3,30,32.2,17,17,13,14,12,12,9,13,11,12,12,12,11,11,9,10,16,16,10,13
"DV002","EL_Divisadero",14,16,9,9.3,29,32.2,14,16,15,15,7,11,9,12,11,11,11,12,10,12,9,12,16,18,14,15
"DV003","EL_Divisadero",15,16,6,9,29,32.2,14,16,13,15,11,11,8,12,11,14,9,12,11,12,9,12,17,18,14,15
"DV004","EL_Divisadero",15,18,9,9.3,30,33.2,17,19,15,15,7,7,11,13,8,11,10,12,11,13,9,9,17,18,12,15
"DV005","EL_Divisadero",14,15,7,7,29,32.2,15,15,17,17,9,10,12,12,8,11,12,13,10,12,2.2,10,16,17,14,14
"DV006","EL_Divisadero",15,16,9,9,29,33.2,12,14,8,10,11,12,9,13,11,13,12,12,10,11,9,13,15,16,10,13
"DV007","EL_Divisadero",16,16,7,9,30,32.2,12,14,7,12,11,13,8,9,11,12,9,10,11,12,9,9,16,17,12,14
"EA001","EL_ALTAR",16,17,7,9,25,29,14,16,5,8,11,11,9,12,7,11,9,10,10,11,9,14,17,18,13,15
"EA002","EL_ALTAR",16,16,6,7,31.2,32.2,14,16,19,19,11,11,8,11,11,12,11,12,12,12,14,14,16,19,12,12
"EA003","EL_ALTAR",15,15,6,7,30,32.2,15,16,7,12,11,13,9,9,9,12,11,13,10,11,10,11,16,17,10,12
"EA004","EL_ALTAR",17,17,7,7,28,32.2,NA,NA,NA,NA,11,12,9,10,11,12,9,12,NA,NA,12,12,18,18,10,15
"EA005","EL_ALTAR",16,17,7,7,29,30,16,16,11,12,13,13,11,13,11,11,10,10,10,12,12,12,17,17,14,15
"EA006","EL_ALTAR",16,16,6,7,28,28,NA,NA,7,9,11,12,11,11,11,11,12,12,11,11,12,13,15,16,12,12
"EA007","EL_ALTAR",14,16,7,9.3,25,32.2,NA,NA,12,12,12,12,9,14,11,12,11,12,10,12,10,10,16,17,11,12
"EA008","EL_ALTAR",16,16,6,7,28,32.2,15,15,7,14,12,12,9,11,11,13,12,12,11,12,11,13,15,15,10,12
"EA009","EL_ALTAR",14,16,7,8,27,30,13,17,13,14,11,13,12,12,10,11,9,9,12,13,11,12,16,16,13,15
"EA010","EL_ALTAR",15,16,7,9.3,28,32.2,NA,NA,11,16,11,12,9,11,11,12,10,11,NA,NA,10,11,15,18,14,15
"EA011","EL_ALTAR",15,15,6,9,31.2,32.2,14,16,17,19,7,12,8,10,10,12,9,11,10,12,11,12,16,16,11,12
"EA012","EL_ALTAR",16,17,7,9.3,29,30,14,16,13,14,9,12,11,12,11,13,11,13,11,13,7,15,18,19,12,14
"ES001","EL_ESPINAL",15,18,7,9,28,29,15,16,11,17,11,12,11,12,10,12,11,11,10,13,10,11,16,18,12,13
"ES002","EL_ESPINAL",15,16,6,9.3,29,30,12,17,15,20,10,12,12,13,8,10,9,12,11,12,7,13,17,18,15,16
"ES003","EL_ESPINAL",14,15,7,7,30,31.2,12,14,7,12,11,11,8,9,11,12,9,12,11,12,12,12,17,17,12,13
"ES004","EL_ESPINAL",15,15,7,9.3,28,30,12,16,12,19,11,11,8,10,10,11,10,10,10,12,10,12,14,16,12,14
"ES005","EL_ESPINAL",15,17,7,9,28,30,16,20,5,14,11,12,9,12,10,12,9,13,11,12,10,13,17,18,11,14
"ES006","EL_ESPINAL",15,15,9,9.3,32.2,33.2,16,16,13,19,11,11,10,12,10,12,12,12,10,12,10,12,16,16,13,14
"ES007","EL_ESPINAL",14,15,7,9,28,30.2,12,21,14,15,7,11,10,12,10,11,9,11,12,12,13,15,16,18,11,14
"ES008","EL_ESPINAL",17,18,6,7,28,28,14,16,5,11,11,12,8,13,11,11,9,12,10,10,10,10,17,18,13,13
"ES009","EL_ESPINAL",15,17,7,8,28,29,14,17,7,10,7,11,9,11,8,11,9,12,11,12,9,12,16,16,13,16
"ES010","EL_ESPINAL",16,17,7,7,31,32.2,17,18,8,14,11,12,9,13,10,12,11,12,11,13,9,9,14,17,13,15
"ES011","EL_ESPINAL",15,15,9,9.3,30,32.2,13,17,12,17,11,12,8,11,8,11,9,9,10,12,10,13,17,17,11,12
"ES012","EL_ESPINAL",15,16,7,7,29,31,10,14,13,17,11,11,10,13,11,12,9,10,11,12,9,13,16,16,13,15
"ES013","EL_ESPINAL",14,16,6,8,32.2,32.2,14,18,5,14,12,12,11,14,10,12,8,11,10,11,10,13,16,18,12,15
"ES014","EL_ESPINAL",15,18,7,7,29,29,12,13,10,12,9,11,13,13,10,11,11,13,10,10,9,13,15,17,13,15
"ES015","EL_ESPINAL",16,16,7,9.3,29,29,16,17,16,18,11,11,9,9,11,11,11,13,10,12,9,11,16,17,12,13
"GG001","GUALLIGUAICA",14,16,7,9.3,28,29,14,14,10,12,11,11,9,11,11,11,11,12,11,13,12,13,16,17,12,16
"GG003","GUALLIGUAICA",15,15,6,7,27,31,14,15,11,14,12,13,12,12,11,11,11,13,10,10,8,12,17,18,13,14
"GG004","GUALLIGUAICA",14,15,6,6,31,31,14,17,12,15,12,12,11,11,8,10,9,11,12,12,12,13,16,16,10,13
"GG005","GUALLIGUAICA",15,16,7,9.3,28,29,14,14,10,14,11,11,9,11,10,10,11,13,11,12,12,12,16,17,10,15
"GG007","GUALLIGUAICA",16,16,NA,NA,28,29,12,18,12,19,11,12,10,11,11,12,9,12,11,12,9,13,16,17,12,16
"HT001","HUENTELAUQUEN",15,17,7,9.3,30,30,18,20,7,13,7,13,9,9,10,10,9,13,10,12,8,9,16,17,12,14
"HT003","HUENTELAUQUEN",15,17,6,7,29,32.2,15,21,13,18,12,12,9,11,8,10,10,11,11,12,9,12,17,17,13,14
"HT004","HUENTELAUQUEN",15,16,6,9.3,29,30,15,16,13,13,13,13,8,11,11,11,9,12,12,12,10,10,16,16,13,15
"HT006","HUENTELAUQUEN",16,16,7,7,31,33.2,15,16,7,7,12,12,12,13,8,11,12,13,12,12,7,12,17,17,12,12
"HT007","HUENTELAUQUEN",15,17,6,7,30,30,17,18,11,19,11,12,9,12,11,13,9,10,12,12,10,11,14,16,13,15
"HT008","HUENTELAUQUEN",15,16,6,7,29,32,12,17,15,17,11,13,8,9,10,12,9,10,10,12,12,14,16,19,12,13
"HT011","HUENTELAUQUEN",15,15,6,9,30,32,13,13,14,15,12,12,9,12,8,11,9,11,11,12,9,11,16,17,13,15
"HT013","HUENTELAUQUEN",14,15,9,10,30,30,20,20,15,18,11,11,NA,NA,11,11,10,13,9,9,9,13,16,17,13,14
"HT015","HUENTELAUQUEN",15,18,7,7,32.2,33.2,12,16,15,15,11,12,12,14,10,10,10,12,11,12,12,13,16,18,13,15
"HT016","HUENTELAUQUEN",15,16,7,9.3,30,30,13,17,12,13,11,13,9,12,10,12,9,13,12,12,10,11,16,17,13,15
"HT017","HUENTELAUQUEN",15,15,6,7,30,32.2,14,17,7,12,11,12,12,12,11,12,10,12,10,12,11,11,15,19,12,15
"HT020","HUENTELAUQUEN",15,16,9.3,9.3,30,31.2,14,20,10,15,7,13,9,12,11,12,9,11,10,11,12,13,16,18,12,15
"HT026","HUENTELAUQUEN",18,18,9,9.3,32.2,33.2,13,18,7,10,11,12,9,11,10,10,9,11,11,11,12,12,14,17,10,12
"HT029","HUENTELAUQUEN",16,18,8,9.3,29,30,14,17,10,12,12,13,11,13,12,12,12,13,11,11,10,10,17,17,12,13
"HT030","HUENTELAUQUEN",17,18,7,7,30,30.2,14,17,15,15,10,12,10,12,9,12,11,12,10,11,10,11,16,19,13,13
"HT034","HUENTELAUQUEN",15,16,6,8,29,30,12,15,12,13,11,13,9,12,10,11,9,11,9,10,9,10,17,19,14,14
"HT035","HUENTELAUQUEN",16,17,6,6,30,30,13,15,10,13,9,11,9,11,10,11,8,13,10,11,10,10,16,19,12,15
"HT036","HUENTELAUQUEN",15,15,7,9.3,30,31,17,18,10,11,11,11,11,12,8,12,11,12,11,11,10,12,16,16,11,14
"HT037","HUENTELAUQUEN",16,17,6,8,28,30,12,16,12,12,11,12,11,12,8,11,11,14,10,12,12,12,16,17,14,14
"HT038","HUENTELAUQUEN",15,17,6,8,29,30,12,16,10,18,11,13,9,13,10,11,9,9,10,12,12,12,14,18,13,13
"HT039","HUENTELAUQUEN",16,17,7,7,30,33.2,13,16,7,18,11,12,9,12,11,11,10,12,10,12,10,10,16,17,11,13
"HT040","HUENTELAUQUEN",16,16,6,7,32,33.2,15,15,11,12,11,12,12,14,10,12,12,12,10,12,10,11,16,16,13,13
"HT042","HUENTELAUQUEN",16,18,6,7,29,32.2,17,18,11,12,9,11,9,14,9,12,9,11,10,10,11,12,17,18,11,13
"LG001","CASTILLO_MAL_PASO",15,15,7,9.3,28,32.2,13,17,12,14,11,12,9,11,12,12,9,10,10,10,10,13,16,16,12,14
"LG002","CASTILLO_MAL_PASO",15,15,7,9.3,28,30,12,16,12,19,11,11,8,10,10,11,10,10,10,12,10,12,14,16,12,14
"LG003","CASTILLO_MAL_PASO",15,16,9,9.3,30,30,13,15,10,16,10,11,9,11,10,11,11,11,9,10,11,13,16,16,12,14
"LG004","CASTILLO_MAL_PASO",15,17,7,8,28,29,14,17,7,10,7,11,9,11,8,11,9,12,11,12,9,12,16,16,13,16
"LG006","CASTILLO_MAL_PASO",16,18,6,9.3,30,30,14,19,12,17,11,12,11,12,10,12,11,12,10,12,9,13,16,17,13,14
"LG007","CASTILLO_MAL_PASO",16,17,7,7,31,32.2,17,18,8,14,11,12,9,13,10,12,11,12,11,13,9,9,14,17,13,15
"LG008","CASTILLO_MAL_PASO",16,18,6,9.3,31.2,31.2,13,17,13,15,11,12,13,14,10,11,12,12,11,12,10,11,14,16,13,13
"LG009","CASTILLO_MAL_PASO",15,18,9,9,30,31.2,13,15,12,21,11,11,9,11,11,11,9,11,10,12,11,13,15,16,12,15
"LG010","CASTILLO_MAL_PASO",15,18,7,9.3,31,31.2,14,15,13,20,9,11,9,14,8,12,9,12,12,13,10,11,16,16,13,16
"LG011","CASTILLO_MAL_PASO",15,18,6,9.3,29,29,12,14,5,12,11,12,8,11,10,11,10,13,11,12,9,10,15,17,13,16
"LG013","CASTILLO_MAL_PASO",15,15,7,9,30,32.2,13,15,12,14,11,12,10,12,11,12,12,13,11,11,10,11,17,19,11,12
"LG015","CASTILLO_MAL_PASO",15,15,6,7,28,30,13,13,15,15,13,13,11,12,11,12,11,12,10,10,10,12,16,17,12,13
"LG017","CASTILLO_MAL_PASO",16,16,7,7,32,32.2,14,15,12,21,11,12,10,10,9,10,9,11,10,12,9,13,17,18,14,14
"LG018","CASTILLO_MAL_PASO",15,15,6,6,30,30,13,14,12,19,11,11,9,11,11,11,12,12,12,12,10,10,15,18,14,14
"LG019","CASTILLO_MAL_PASO",16,17,7,7,27,31,12,17,16,19,11,11,9,9,12,13,12,13,NA,NA,10,12,16,19,12,15
"LG020","CASTILLO_MAL_PASO",17,18,7,9.3,31,32.2,12,14,12,19,11,11,9,9,11,13,12,13,10,12,10,12,16,16,12,14
"LG021","CASTILLO_MAL_PASO",14,16,9.3,9.3,28,32.2,17,18,7,18,7,12,12,12,10,11,9,13,11,12,11,12,16,16,11,13
"LG022","CASTILLO_MAL_PASO",14,17,9.3,9.3,28,30,12,17,14,17,11,12,12,13,10,13,10,11,9,12,9,12,16,16,14,15
"LG023","CASTILLO_MAL_PASO",15,16,6,7,28,31.2,12,13,11,12,11,13,9,13,12,12,11,12,10,13,11,11,16,17,14,15
"LG024","CASTILLO_MAL_PASO",15,15,6,10,30,32.2,12,15,5,12,11,12,9,9,10,11,9,10,11,12,7,14,15,17,13,15
"LG025","CASTILLO_MAL_PASO",15,15,6,6,29,31,9,15,5,21,10,13,9,12,8,8,9,12,11,12,9,11,16,17,12,13
"LG026","CASTILLO_MAL_PASO",16,17,7,9,30,30,13,14,10,17,9,12,10,13,9,12,11,13,11,12,9,11,17,17,13,14
"LG028","CASTILLO_MAL_PASO",14,16,7,9.3,28,30,13,14,11,17,12,12,13,14,7,12,11,12,12,13,12,13,16,17,12,13
"LG029","CASTILLO_MAL_PASO",14,15,9,9.3,23.2,34.2,12,15,12,12,12,13,11,13,9,10,12,13,10,10,10,10,16,17,13,14
"LG031","CASTILLO_MAL_PASO",12,16,6,7,32.2,33.2,16,17,13,15,12,12,11,13,10,13,11,13,11,12,9,12,16,18,12,14
"LG032","CASTILLO_MAL_PASO",14,15,7,8,29,31.2,12,19,11,12,11,11,9,14,11,12,9,12,11,12,9,11,14,18,13,15
"LG033","CASTILLO_MAL_PASO",15,15,6,9.3,29,30,12,14,12,14,11,12,11,12,11,11,8,13,12,13,10,11,16,18,14,14
"LG034","CASTILLO_MAL_PASO",14,15,6,8,28,32.2,18,21,16,17,11,11,10,12,9,11,9,13,11,12,10,11,14,16,10,13
"LG035","CASTILLO_MAL_PASO",15,16,6,9,29,30,14,21,9,10,11,11,9,12,10,11,11,12,10,11,10,11,15,17,13,15
"LG036","CASTILLO_MAL_PASO",15,16,6,7,29,30,15,17,12,15,11,11,9,13,10,10,9,11,12,12,12,13,17,17,12,15
"LG037","CASTILLO_MAL_PASO",15,16,7,7,30,30,15,15,12,19,11,12,9,11,10,11,9,13,10,12,11,13,15,17,13,15
"LG038","CASTILLO_MAL_PASO",15,15,7,9.3,28,29,13,15,12,20,11,13,10,14,8,11,12,13,11,12,10,11,16,18,12,13
"LG039","CASTILLO_MAL_PASO",16,17,6,9,30,32.2,13,15,11,21,11,12,8,11,7,11,9,13,11,14,10,13,16,18,13,14
"LG039b","CASTILLO_MAL_PASO",15,16,7,7,29,30,14,15,15,19,11,12,11,13,10,11,10,11,10,12,11,12,17,18,15,16
"LG040","CASTILLO_MAL_PASO",15,18,6,9.3,29,31.2,12,13,7,12,11,12,11,14,10,14,11,12,11,12,7,12,16,17,13,15
"LG041","CASTILLO_MAL_PASO",15,16,6,8,30,35,17,20,12,20,11,11,9,11,12,13,11,12,12,12,10,11,16,19,14,14
"LG042","CASTILLO_MAL_PASO",14,16,6,9.3,27,31.2,15,16,5,7,7,11,12,14,10,12,12,12,11,13,9,13,14,18,13,13
"LG043","CASTILLO_MAL_PASO",15,15,7,7,30,30,14,15,19,19,11,12,9,11,11,11,10,13,10,12,9,11,15,18,13,16
"LG044","CASTILLO_MAL_PASO",15,16,6,9,31,32.2,15,18,11,12,12,13,13,13,7,11,9,9,10,10,11,12,16,16,11,12
"LG045","CASTILLO_MAL_PASO",15,15,6,7,28,30,12,13,14,19,11,12,9,9,11,12,13,13,10,12,11,12,16,18,12,14
"LG046","CASTILLO_MAL_PASO",15,18,7,9.3,30,32.2,12,17,12,19,11,12,9,11,12,12,9,13,10,10,10,12,14,16,13,14
"LG047","CASTILLO_MAL_PASO",15,17,6,6,29,31.2,13,14,7,12,11,12,8,9,10,10,10,13,9,11,9,13,14,18,14,15
"LG048","CASTILLO_MAL_PASO",16,16,6,7,29,32.2,12,15,5,11,11,13,12,13,11,11,9,10,10,12,10,11,16,16,11,12
"LG049","CASTILLO_MAL_PASO",14,15,9.3,10,28,30,17,19,5,12,11,12,11,13,10,12,9,12,10,10,10,10,16,17,11,11
"LG050","CASTILLO_MAL_PASO",15,16,7,7,31.2,31.2,19,19,14,18,7,11,10,12,9,11,11,12,10,12,9,12,15,16,12,14
"LG051","CASTILLO_MAL_PASO",16,17,6,9,29,29,14,18,8,12,11,13,12,12,11,11,10,12,10,13,10,11,15,15,11,11
"LG052","CASTILLO_MAL_PASO",16,16,7,9.3,29,33.2,14,17,12,15,11,13,9,12,11,11,9,12,11,13,10,11,14,18,14,16
"LG053","CASTILLO_MAL_PASO",14,15,6,6,29,30,13,16,12,12,11,12,12,12,10,11,12,12,10,12,10,12,15,17,12,15
"LG054","CASTILLO_MAL_PASO",16,16,9,9.3,29,30,13,14,10,12,12,14,8,11,10,12,8,11,12,12,12,13,16,18,13,14
"LG055","CASTILLO_MAL_PASO",15,18,7,9.3,30,30,13,16,8,14,11,12,8,11,12,12,9,10,10,10,10,13,14,16,12,13
"LG056","CASTILLO_MAL_PASO",15,19,9.3,9.3,30.2,33.2,11,15,12,20,10,12,8,13,11,11,10,13,10,11,10,10,16,17,13,15
"LG057","CASTILLO_MAL_PASO",15,18,7,9.3,29,32.2,13,14,10,13,11,13,11,12,9,10,11,13,10,13,8,9,17,18,12,15
"LG058","CASTILLO_MAL_PASO",15,15,6,7,30,30,14,16,12,14,11,11,12,12,11,12,12,12,11,12,9,10,15,16,12,12
"LG059","CASTILLO_MAL_PASO",16,16,6,9.3,31.2,31.2,15,17,12,13,11,12,14,14,11,12,10,11,11,11,9,10,14,16,13,14
"LG060","CASTILLO_MAL_PASO",16,17,6,8,30,31,15,16,13,18,10,11,9,11,10,12,10,12,10,12,11,12,15,16,13,15
"LG061","CASTILLO_MAL_PASO",15,16,6,7,29,31.2,16,17,7,12,12,12,11,12,10,11,12,12,10,11,9,12,17,19,12,12
"LG062","CASTILLO_MAL_PASO",15,18,7,9.3,29,31,13,16,12,14,13,13,11,14,11,11,9,12,9,11,9,10,17,19,12,14
"MP001","MONTE_PATRIA",15,16,9.3,9.3,30,31.2,14,14,14,17,9,12,10,12,10,11,9,13,11,11,10,12,14,19,12,13
"MP002","MONTE_PATRIA",15,15,NA,NA,NA,NA,NA,NA,NA,NA,NA,NA,NA,NA,NA,NA,NA,NA,NA,NA,NA,NA,NA,NA,NA,NA
"MP003","MONTE_PATRIA",14,16,7,7,30,30,13,15,10,14,11,11,8,10,11,12,9,11,11,12,10,10,16,16,12,14
"MP004","MONTE_PATRIA",15,16,6,9.3,28,30,14,14,21,21,11,13,11,14,11,13,10,12,10,11,9,12,16,16,13,15
"MP006","MONTE_PATRIA",15,16,6,10,32.2,32.2,19,19,19,22,11,13,8,14,9,10,11,12,11,12,10,10,14,18,13,14
"MP007","MONTE_PATRIA",15,16,9.3,9.3,29,29,15,17,12,13,11,11,9,9,12,12,9,10,11,11,13,13,16,17,12,13
"MP008","MONTE_PATRIA",16,18,9.3,9.3,29,30,13,14,14,15,11,11,10,12,10,11,11,12,10,11,8,10,16,18,14,14
"MP009","MONTE_PATRIA",15,16,9.3,9.3,29,30,16,16,17,20,11,11,9,12,10,11,10,11,10,12,11,13,17,18,13,15
"MP010","MONTE_PATRIA",15,16,7,9.3,29,32.2,16,17,13,19,11,11,9,11,10,12,10,12,10,11,11,13,15,16,12,16
"MP012","MONTE_PATRIA",15,15,6,9.3,28,30,14,18,8,17,9,13,9,9,10,10,11,12,10,11,11,11,16,18,14,16
"MP013","MONTE_PATRIA",15,15,6,8,31,34.2,13,17,13,14,11,11,8,13,12,12,11,13,10,12,9,11,16,17,13,14
"MP015","MONTE_PATRIA",15,16,6,7,29,31.2,13,16,13,13,7,11,10,12,10,10,9,12,12,13,7,7,17,18,13,15
"MP016","MONTE_PATRIA",15,18,9,9.3,28,30,14,18,17,17,9,11,10,13,10,11,9,12,10,12,9,11,17,17,13,14
"MP017","MONTE_PATRIA",15,17,7,8,28,30,17,17,12,13,12,13,12,12,11,11,9,13,10,12,9,13,16,18,12,13
"MP018","MONTE_PATRIA",15,16,7,9,30,31,16,17,7,12,7,12,10,12,8,12,11,13,12,12,10,12,16,19,13,16
"MP019","MONTE_PATRIA",15,15,7,9.3,29,29,13,17,12,12,11,12,10,11,10,11,11,12,10,12,11,13,16,16,11,14
"MP020","MONTE_PATRIA",15,16,6,7,30,34.2,14,17,19,19,7,11,9,12,10,12,12,12,11,12,11,14,16,17,12,15
"MP021","MONTE_PATRIA",15,16,7,7,31,31.2,12,15,12,12,11,12,12,12,10,11,9,9,11,12,10,10,17,18,15,15
"MP023","MONTE_PATRIA",15,16,7,9.3,30,30,12,14,11,17,9,12,10,13,9,10,9,13,10,11,7,12,17,17,13,14
"MP024","MONTE_PATRIA",15,16,7,9,31.2,32.2,17,17,10,17,11,12,11,12,10,11,11,12,10,11,10,11,16,17,13,13
"MP026","MONTE_PATRIA",15,15,8,9,28,33.2,9,15,13,18,7,13,9,9,9,10,10,12,10,12,11,13,16,17,13,16
"MP027","MONTE_PATRIA",18,19,6,7,30,30,14,17,12,13,12,13,9,11,10,12,9,12,10,10,9,9,16,18,12,14
"MP029","MONTE_PATRIA",15,15,6,9,31,32.2,15,16,15,17,12,13,9,11,7,11,9,11,11,12,9,11,16,17,12,13
"MP030","MONTE_PATRIA",15,15,7,9,31,32,12,13,7,7,11,11,9,15,10,12,11,11,12,12,11,14,16,16,13,13
"MP031","MONTE_PATRIA",16,16,9.3,9.3,31,32.2,14,16,15,20,12,12,11,14,9,13,11,12,10,11,9,12,16,17,13,15
"MP032","MONTE_PATRIA",15,15,6,7,33.2,33.2,15,15,12,16,9,11,11,12,10,10,11,12,11,11,10,13,16,16,10,13
"MP033","MONTE_PATRIA",15,16,6,7,29,33.2,13,15,12,18,9,11,8,12,10,11,10,12,11,11,10,13,16,16,13,13
"MP034","MONTE_PATRIA",16,16,7,9,28,32.2,19,19,15,20,7,12,9,12,11,12,10,12,12,12,12,13,16,18,12,12
"MP035","MONTE_PATRIA",16,16,6,9.3,31,32.2,18,18,5,13,12,13,11,14,11,13,13,13,NA,NA,NA,NA,15,16,10,10
"MP036","MONTE_PATRIA",16,16,7,9.3,31.2,31.2,14,14,16,16,11,13,11,12,11,12,12,12,10,10,11,11,15,16,12,12
"MP038","MONTE_PATRIA",15,16,6,7,30,31.2,14,15,5,7,12,13,8,13,12,12,9,10,12,12,12,13,15,17,12,15
"MP040","MONTE_PATRIA",15,15,7,8,29,31,12,14,13,21,11,11,11,11,8,11,12,12,10,11,11,14,16,16,13,14
"MQ001","MANQUEHUA",15,16,7,7,30,32.2,12,17,10,16,10,11,9,9,11,11,9,12,11,12,10,11,17,20,12,12
"MQ002","MANQUEHUA",15,16,6,7,31.2,33.2,15,24,17,19,11,12,9,11,10,12,11,11,9,12,9,10,17,17,13,14
"MQ003","MANQUEHUA",16,16,7,7,29,30,14,14,12,20,12,13,9,14,8,12,10,11,11,12,11,12,16,16,13,14
"MQ004","MANQUEHUA",15,16,6,6,30,32.2,12,14,11,12,13,13,9,12,8,12,9,12,11,12,11,12,16,19,14,16
"MQ005","MANQUEHUA",15,15,7,9.3,30,30,16,18,5,12,11,13,10,10,11,14,9,12,9,12,9,13,15,16,14,15
"MQ006","MANQUEHUA",16,16,6,7,30,31.2,12,13,11,12,7,7,8,11,11,12,12,13,11,11,9,11,17,18,10,15
"MQ007","MANQUEHUA",16,17,7,9,32.2,32.2,14,16,15,15,13,13,12,13,11,12,10,14,11,13,9,9,15,16,13,14
"MQ008","MANQUEHUA",15,16,9.3,9.3,28,29,14,16,12,12,11,13,12,13,9,11,10,11,11,12,9,11,15,18,14,15
"MQ009","MANQUEHUA",15,16,7,9,30,31,13,14,9,16,9,11,12,12,11,11,9,10,12,12,9,11,15,17,11,14
"MQ010","MANQUEHUA",15,17,6,7,30,30,18,21,12,15,12,12,10,11,10,12,11,11,10,11,10,10,16,16,14,15
"MQ011","MANQUEHUA",15,15,7,9.3,31,31.2,13,14,11,13,11,11,11,11,11,12,11,11,10,12,9,10,18,18,12,12
"MQ012","MANQUEHUA",15,16,7,9.3,28,32.2,17,17,13,14,12,12,10,12,8,13,10,11,11,13,9,12,16,17,11,14
"MQ013","MANQUEHUA",16,17,9.3,9.3,30,32.2,12,14,15,15,7,11,11,11,10,12,9,10,12,12,10,11,15,16,12,13
"MQ014","MANQUEHUA",14,16,7,9,31.2,33.2,12,17,11,15,10,11,9,10,10,10,10,11,10,10,12,13,18,18,14,15
"MQ015","MANQUEHUA",17,17,7,8,28,29,13,16,7,7,10,12,9,11,11,12,12,12,9,12,10,11,15,16,13,13
"MQ016","MANQUEHUA",15,16,6,9,29,31.2,12,13,12,15,11,12,8,13,7,11,11,13,9,10,12,12,18,19,8,13
"MQ017","MANQUEHUA",14,15,9.3,10,28,30,14,14,13,14,11,11,9,14,11,11,12,12,10,12,9,13,15,16,13,14
"MQ018","MANQUEHUA",15,16,7,9.3,28,29,NA,NA,11,12,7,13,11,11,9,10,9,12,NA,NA,10,11,16,17,14,14
"MQ019","MANQUEHUA",15,16,6,7,29,32.2,14,15,12,20,11,11,11,13,10,10,10,10,11,12,9,12,16,18,13,14
"MQ020","MANQUEHUA",15,16,6,7,28,30,14,16,NA,NA,11,13,8,14,12,12,9,9,10,11,10,10,16,18,14,14
"MQ021","MANQUEHUA",15,16,6,9.3,28,30,NA,NA,NA,NA,11,11,9,12,10,12,10,12,NA,NA,9,10,17,19,13,15
"MQ022","MANQUEHUA",15,18,6,6,32.2,32.2,14,17,12,16,9,10,9,10,10,11,11,12,10,12,9,13,16,18,12,14
"PQ001","PUNITAQUI",14,17,9,9.3,29,33.2,NA,NA,16,19,11,13,8,12,9,11,12,12,NA,NA,10,12,16,16,14,14
"PQ002","PUNITAQUI",15,18,6,9.3,29,32.2,15,16,11,15,12,12,9,14,10,11,9,10,10,12,12,12,17,19,10,12
"PQ003","PUNITAQUI",14,17,6,9,31,32.2,18,19,7,17,11,12,9,11,10,10,11,12,11,12,10,13,14,17,12,13
"PQ004","PUNITAQUI",15,18,6,7,28,29,14,14,12,14,11,11,9,14,11,11,12,12,9,10,9,13,15,16,13,14
"PQ005","PUNITAQUI",15,18,9,9.3,31.2,32.2,13,14,12,18,7,12,8,14,12,12,11,13,10,12,11,13,17,17,13,16
"PQ006","PUNITAQUI",15,18,6,9.3,30,33.2,14,15,12,15,12,13,8,11,10,12,10,11,9,10,10,10,15,16,10,14
"PQ007","PUNITAQUI",15,17,6,9,30.2,33.2,NA,NA,16,18,10,13,9,14,11,12,9,10,NA,NA,10,10,17,17,11,13
"PQ008","PUNITAQUI",15,16,7,8,28,30,NA,NA,7,11,11,12,9,9,9,12,11,13,11,12,9,9,16,18,13,14
"PQ009","PUNITAQUI",16,17,8,8,29,32.2,15,15,10,12,11,12,8,12,9,10,9,12,9,10,10,13,15,17,10,11
"PQ010","PUNITAQUI",14,15,6,10,28,32.2,14,14,12,15,11,11,12,13,11,11,12,12,10,12,9,12,17,17,14,14
"PQ011","PUNITAQUI",16,16,6,7,30,32.2,12,14,7,19,7,13,9,12,8,11,9,11,10,10,11,14,15,16,11,12
"PQ012","PUNITAQUI",15,18,6,6,30,30,NA,NA,NA,NA,12,12,9,11,10,12,11,12,NA,NA,9,12,17,17,13,13
"PQ013","PUNITAQUI",15,16,7,9.3,28,31.2,12,14,15,17,11,11,12,14,10,11,9,9,9,11,9,10,14,17,14,14
"PQ015","PUNITAQUI",15,18,6,8,29,32.2,NA,NA,12,13,11,12,9,12,10,10,12,13,NA,NA,12,13,16,17,10,13
"PQ016","PUNITAQUI",15,15,6,7,28,31,13,17,18,19,7,11,11,11,10,11,10,12,11,12,10,10,16,18,13,14
"PQ017","PUNITAQUI",15,16,6,7,32,32.2,NA,NA,7,22,11,11,12,12,8,11,11,14,NA,NA,11,12,15,16,12,13
"PQ018","PUNITAQUI",15,17,6,9,30,30,NA,NA,NA,NA,9,13,11,12,8,10,11,11,NA,NA,NA,NA,16,17,14,16
"PQ019","PUNITAQUI",15,16,6,6,32.2,32.2,NA,NA,5,12,11,12,11,12,8,8,11,13,NA,NA,9,10,15,18,13,14
"PQ020","PUNITAQUI",16,18,7,9.3,30,32.2,NA,NA,11,22,7,10,12,12,11,12,10,10,10,10,9,14,17,18,11,13
"PQ021","PUNITAQUI",15,18,6,7,29,30,13,18,7,12,11,12,11,12,10,11,12,12,12,12,10,11,16,17,11,15
"PQ022","PUNITAQUI",15,16,8,9.3,29,30,NA,NA,11,17,9,11,9,13,10,12,11,13,10,10,11,13,15,15,13,14
"PQ023","PUNITAQUI",15,15,9,9.3,28,29,NA,NA,7,13,11,12,9,12,11,12,9,12,9,10,11,13,16,16,13,15
"PQ024","PUNITAQUI",15,15,7,9.3,30,32.2,NA,NA,NA,NA,7,11,9,10,9,11,11,13,NA,NA,9,12,15,18,12,15
"PQ025","PUNITAQUI",14,18,6,7,30,31.2,15,17,13,14,11,11,8,11,11,12,10,10,9,12,10,14,16,18,12,13
"PQ026","PUNITAQUI",15,18,6,9,29,30,NA,NA,10,12,10,12,8,12,12,12,11,13,11,12,10,11,16,20,12,13
"PQ027","PUNITAQUI",15,16,6,6,32.2,33.2,NA,NA,NA,NA,11,11,8,8,9,11,9,11,NA,NA,10,13,16,17,14,15
"PQ028","PUNITAQUI",14,17,6,7,31.2,32.2,NA,NA,13,13,9,11,9,11,11,12,10,11,12,12,10,14,17,18,12,13
"PQ029","PUNITAQUI",17,18,7,9.3,28,32.2,14,23,11,12,11,11,12,12,11,13,9,12,10,11,10,10,15,15,13,14
"PQ030","PUNITAQUI",17,18,6,7,29,30,12,13,12,14,9,11,11,12,11,12,9,12,11,13,9,11,16,17,13,14
"PQ031","PUNITAQUI",15,15,7,9.3,31.2,32.2,NA,NA,17,19,7,13,12,14,12,12,11,13,12,12,9,11,16,18,15,16
"PQ032","PUNITAQUI",15,16,7,9.3,30,31.2,NA,NA,12,16,12,12,8,12,11,11,12,12,NA,NA,10,11,17,20,10,13
"PQ033","PUNITAQUI",15,18,6,9.3,30,30,12,15,10,19,11,12,12,12,10,11,12,13,12,13,11,12,14,17,13,14
"PQ034","PUNITAQUI",16,18,7,9,30,30,14,14,15,16,13,13,10,11,10,12,12,13,11,13,2.2,13,14,17,11,12
"PQ035","PUNITAQUI",15,16,7,10,30,33.2,NA,NA,8,10,12,13,9,11,11,11,9,12,NA,NA,11,13,14,16,13,14
"PQ036","PUNITAQUI",16,18,10,10,27,30,NA,NA,7,12,9,12,11,12,8,12,9,10,NA,NA,2.2,9,16,18,14,15
"PQ037","PUNITAQUI",15,18,7,9,28,29,14,17,12,20,11,13,8,12,10,11,9,10,12,15,9,10,15,18,13,14
"PQ038","PUNITAQUI",14,15,7,7,29,31.2,14,18,12,18,11,11,9,14,9,11,11,12,10,10,11,13,16,16,11,12
"PQ039","PUNITAQUI",15,15,6,6,29,29,NA,NA,14,17,7,11,9,13,11,11,9,14,NA,NA,10,11,18,18,13,14
"PQ040","PUNITAQUI",15,15,7,9.3,29,31.2,15,17,7,20,12,12,9,11,10,11,12,12,10,11,7,10,14,15,13,13
"PQ041","PUNITAQUI",15,16,6,NA,30,30,13,15,10,15,11,12,9,12,11,14,12,13,11,11,9,13,16,17,14,16
"PQ042","PUNITAQUI",15,15,8,9,32,32.2,NA,NA,12,14,10,12,12,12,10,11,9,11,10,10,10,10,15,16,10,13
"PQ043","PUNITAQUI",16,17,6,9.3,29,31.2,14,24,17,19,11,13,11,12,12,12,11,11,9,11,9,9,17,18,13,14
"PQ044","PUNITAQUI",16,18,8,9.3,32.2,32.2,15,17,14,16,11,12,10,12,10,11,11,12,10,11,9,13,16,16,13,13
"PQ045","PUNITAQUI",15,18,7,7,32,32.2,13,17,15,19,9,11,11,12,10,10,10,11,11,13,11,13,15,18,13,15
"PQ046","PUNITAQUI",14,16,6,6,30,30.2,NA,NA,14,15,11,12,9,12,10,11,12,12,NA,NA,11,13,16,19,11,13
"PQ047","PUNITAQUI",16,17,6,9.3,30,32.2,NA,NA,12,20,11,13,14,14,10,10,10,12,NA,NA,12,13,16,16,12,13
"PQ048","PUNITAQUI",16,16,6,6,33.2,33.2,18,24,9,19,9,11,9,12,8,12,11,11,9,9,9,10,14,17,14,15
"PQ049","PUNITAQUI",NA,NA,9.3,9.3,30,31.2,NA,NA,NA,NA,11,13,12,12,10,12,NA,NA,NA,NA,12,12,14,17,13,13
"PQ050","PUNITAQUI",16,16,6,7,28,31.2,NA,NA,7,10,11,11,9,12,11,11,12,13,NA,NA,9,11,17,17,14,15
"PQ051","PUNITAQUI",15,15,7,8,30.2,32.2,NA,NA,16,19,7,7,12,13,9,9,9,13,NA,NA,10,12,16,19,10,12
"PQ052","PUNITAQUI",16,16,6,6,29,30,14,14,15,19,7,12,10,12,11,13,9,13,NA,NA,12,13,15,18,14,16
"PQ053","PUNITAQUI",15,15,6,9.3,30,31,NA,NA,7,13,11,12,10,12,10,10,10,12,9,12,9,9,14,17,12,13
"PQ054","PUNITAQUI",16,17,7,7,29,32.2,13,13,12,12,9,13,11,13,9,10,9,12,10,12,9,12,14,17,12,14
"PQ055","PUNITAQUI",16,16,7,9,28,29,12,13,5,8,11,13,9,14,10,12,11,12,10,11,8,9,16,17,10,12
"PQ056","PUNITAQUI",17,17,6,6,28,28,NA,NA,12,15,12,13,8,12,9,11,9,10,11,12,11,12,17,18,14,14
"PQ057","PUNITAQUI",16,18,6,9.3,30,32.2,14,17,7,10,11,11,8,9,11,12,11,12,9,12,10,13,16,17,11,14
"RP001","RINCONADA_DE_PUNITAQUI",14,15,6,6,31.2,32.2,NA,NA,5,15,12,13,9,13,10,12,9,13,11,11,9,14,16,18,11,13
"RP002","RINCONADA_DE_PUNITAQUI",14,17,7,9.3,33.2,33.2,13,13,13,19,9,13,10,13,12,12,12,13,NA,NA,9,11,16,17,13,13
"RP003","RINCONADA_DE_PUNITAQUI",15,18,6,6,30,32.2,NA,NA,NA,NA,10,12,13,14,10,12,12,13,NA,NA,9,9,16,19,11,13
"RP004","RINCONADA_DE_PUNITAQUI",15,16,6,7,29,32.2,NA,NA,16,16,11,14,8,12,8,10,11,13,NA,NA,9,12,14,17,12,12
"RP005","RINCONADA_DE_PUNITAQUI",14,17,6,7,30,32,NA,NA,NA,NA,13,13,9,14,10,11,10,11,NA,NA,11,11,17,18,10,15
"RP006","RINCONADA_DE_PUNITAQUI",15,15,6,7,30,31,NA,NA,NA,NA,9,12,11,13,11,12,11,13,NA,NA,11,12,16,18,13,14
"RP007","RINCONADA_DE_PUNITAQUI",16,16,6,6,30,32.2,14,14,12,18,11,12,11,13,10,10,10,14,12,12,11,12,15,15,10,13
"RP008","RINCONADA_DE_PUNITAQUI",15,17,6,7,29,32.2,16,16,16,21,11,11,8,12,8,10,10,11,NA,NA,9,13,15,17,12,13
"RP009","RINCONADA_DE_PUNITAQUI",14,15,7,9.3,29,32.2,NA,NA,13,13,12,13,9,12,9,10,9,12,NA,NA,9,10,16,18,12,15
"RP010","RINCONADA_DE_PUNITAQUI",15,15,6,7,31,32.2,12,14,20,22,8,11,11,12,9,11,9,10,11,13,10,12,16,17,8,15
"RP011","RINCONADA_DE_PUNITAQUI",15,15,6,6,29,32.2,18,21,12,17,11,11,11,12,11,11,11,12,11,12,7,9,16,19,11,14
"RP012","RINCONADA_DE_PUNITAQUI",13,15,6,7,29,31,17,19,15,19,11,12,11,14,7,11,11,13,10,10,9,12,14,16,8,11
"RP013","RINCONADA_DE_PUNITAQUI",14,15,6,6,29,32,NA,NA,12,12,11,13,11,12,11,11,11,11,NA,NA,7,11,16,19,13,14
"VP001","LA_POLVADA",15,16,6,9.3,30,31.2,14,14,18,20,8,9,9,12,12,12,12,12,10,12,9,9,15,16,10,13
"VP005","LA_POLVADA",14,18,7,10,29,31.2,11,14,10,10,11,12,8,11,11,12,9,12,12,13,10,12,16,17,12,15
"VP006","LA_POLVADA",15,16,7,7,29,31.2,14,14,7,10,7,11,11,11,10,11,9,12,10,12,9,14,15,16,10,12
"VP007","LA_POLVADA",16,16,6,9,31.2,33.2,16,17,15,21,11,12,10,14,12,12,11,11,10,12,10,11,16,20,10,15
